Date (YYYY-MM-DD),Temperature (in Fahrenheit)
2010-01-01,57.2
2010-01-02,57.2
2010-01-03,57.2
2010-01-04,57.2
2010-01-05,59
2010-01-06,59
2010-01-07,59
2010-01-08,57.2
2010-01-09,57.2
2010-01-10,57.2
2010-01-11,57.2
2010-01-12,59
2010-01-13,59
2010-01-14,59
2010-01-15,62.6
2010-01-16,60.8
2010-01-17,60.8
2010-01-18,62.6
2010-01-19,60.8
2010-01-20,62.6
2010-01-21,62.6
2010-01-22,60.8
2010-01-23,59
2010-01-24,62.6
2010-01-25,64.4
2010-01-26,59
2010-01-27,59
2010-01-28,60.8
2010-01-29,60.8
2010-01-30,60.8
2010-01-31,60.8
2010-02-01,59
2010-02-02,59
2010-02-03,59
2010-02-04,59
2010-02-05,59
2010-02-06,59
2010-02-07,59
2010-02-08,62.6
2010-02-09,64.4
2010-02-10,66.2
2010-02-11,66.2
2010-02-12,64.4
2010-02-13,66.2
2010-02-14,66.2
2010-02-15,64.4
2010-02-16,66.2
2010-02-17,66.2
2010-02-18,64.4
2010-02-19,64.4
2010-02-20,64.4
2010-02-21,64.4
2010-02-22,64.4
2010-02-23,66.2
2010-02-24,68
2010-02-25,66.2
2010-02-26,66.2
2010-02-27,66.2
2010-02-28,66.2
2010-03-01,69.8
2010-03-02,71.6
2010-03-03,71.6
2010-03-04,71.6
2010-03-05,69.8
2010-03-06,71.6
2010-03-07,71.6
2010-03-08,73.4
2010-03-09,71.6
2010-03-10,73.4
2010-03-11,71.6
2010-03-12,73.4
2010-03-13,73.4
2010-03-14,73.4
2010-03-15,73.4
2010-03-16,73.4
2010-03-17,75.2
2010-03-18,77
2010-03-19,75.2
2010-03-20,78.8
2010-03-21,78.8
2010-03-22,78.8
2010-03-23,78.8
2010-03-24,78.8
2010-03-25,78.8
2010-03-26,80.6
2010-03-27,77
2010-03-28,68
2010-03-29,64.4
2010-03-30,68
2010-03-31,68
2010-04-01,69.8
2010-04-02,69.8
2010-04-03,73.4
2010-04-04,75.2
2010-04-05,75.2
2010-04-06,75.2
2010-04-07,78.8
2010-04-08,78.8
2010-04-09,78.8
2010-04-10,78.8
2010-04-11,78.8
2010-04-12,78.8
2010-04-13,78.8
2010-04-14,80.6
2010-04-15,75.2
2010-04-16,77
2010-04-17,77
2010-04-18,64.4
2010-04-19,73.4
2010-04-20,75.2
2010-04-21,75.2
2010-04-22,75.2
2010-04-23,77
2010-04-24,77
2010-04-25,75.2
2010-04-26,75.2
2010-04-27,69.8
2010-04-28,73.4
2010-04-29,71.6
2010-04-30,71.6
2010-05-01,75.2
2010-05-02,77
2010-05-03,73.4
2010-05-04,77
2010-05-05,75.2
2010-05-06,71.6
2010-05-07,71.6
2010-05-08,71.6
2010-05-09,68
2010-05-10,71.6
2010-05-11,78.8
2010-05-12,77
2010-05-13,77
2010-05-14,78.8
2010-05-15,80.6
2010-05-16,78.8
2010-05-17,77
2010-05-18,78.8
2010-05-19,77
2010-05-20,73.4
2010-05-21,69.8
2010-05-22,71.6
2010-05-23,68
2010-05-24,69.8
2010-05-25,71.6
2010-05-26,71.6
2010-05-27,73.4
2010-05-28,75.2
2010-05-29,73.4
2010-05-30,71.6
2010-05-31,75.2
2010-06-01,68
2010-06-02,77
2010-06-03,73.4
2010-06-04,69.8
2010-06-05,71.6
2010-06-06,73.4
2010-06-07,73.4
2010-06-08,75.2
2010-06-09,73.4
2010-06-10,75.2
2010-06-11,75.2
2010-06-12,75.2
2010-06-13,71.6
2010-06-14,71.6
2010-06-15,71.6
2010-06-16,75.2
2010-06-17,75.2
2010-06-18,73.4
2010-06-19,75.2
2010-06-20,75.2
2010-06-21,75.2
2010-06-22,75.2
2010-06-23,73.4
2010-06-24,73.4
2010-06-25,71.6
2010-06-26,75.2
2010-06-27,73.4
2010-06-28,77
2010-06-29,75.2
2010-06-30,75.2
2010-07-01,73.4
2010-07-02,73.4
2010-07-03,73.4
2010-07-04,75.2
2010-07-05,73.4
2010-07-06,75.2
2010-07-07,73.4
2010-07-08,75.2
2010-07-09,75.2
2010-07-10,77
2010-07-11,71.6
2010-07-12,71.6
2010-07-13,77
2010-07-14,77
2010-07-15,73.4
2010-07-16,73.4
2010-07-17,75.2
2010-07-18,69.8
2010-07-19,73.4
2010-07-20,69.8
2010-07-21,69.8
2010-07-22,75.2
2010-07-23,75.2
2010-07-24,75.2
2010-07-25,78.8
2010-07-26,73.4
2010-07-27,77
2010-07-28,78.8
2010-07-29,73.4
2010-07-30,73.4
2010-07-31,73.4
2010-08-01,73.4
2010-08-02,75.2
2010-08-03,77
2010-08-04,75.2
2010-08-05,77
2010-08-06,78.8
2010-08-07,78.8
2010-08-08,78.8
2010-08-09,77
2010-08-10,78.8
2010-08-11,75.2
2010-08-12,78.8
2010-08-13,73.4
2010-08-14,75.2
2010-08-15,75.2
2010-08-16,75.2
2010-08-17,69.8
2010-08-18,73.4
2010-08-19,73.4
2010-08-20,69.8
2010-08-21,73.4
2010-08-22,69.8
2010-08-23,77
2010-08-24,75.2
2010-08-25,77
2010-08-26,77
2010-08-27,75.2
2010-08-28,73.4
2010-08-29,77
2010-08-30,77
2010-08-31,73.4
2010-09-01,75.2
2010-09-02,75.2
2010-09-03,75.2
2010-09-04,73.4
2010-09-05,75.2
2010-09-06,75.2
2010-09-07,77
2010-09-08,75.2
2010-09-09,77
2010-09-10,75.2
2010-09-11,77
2010-09-12,73.4
2010-09-13,71.6
2010-09-14,71.6
2010-09-15,69.8
2010-09-16,69.8
2010-09-17,69.8
2010-09-18,73.4
2010-09-19,75.2
2010-09-20,68
2010-09-21,71.6
2010-09-22,73.4
2010-09-23,75.2
2010-09-24,69.8
2010-09-25,73.4
2010-09-26,73.4
2010-09-27,73.4
2010-09-28,73.4
2010-09-29,73.4
2010-09-30,73.4
2010-10-01,73.4
2010-10-02,71.6
2010-10-03,75.2
2010-10-04,75.2
2010-10-05,73.4
2010-10-06,71.6
2010-10-07,66.2
2010-10-08,64.4
2010-10-09,68
2010-10-10,69.8
2010-10-11,71.6
2010-10-12,71.6
2010-10-13,75.2
2010-10-14,75.2
2010-10-15,73.4
2010-10-16,73.4
2010-10-17,73.4
2010-10-18,73.4
2010-10-19,73.4
2010-10-20,71.6
2010-10-21,69.8
2010-10-22,68
2010-10-23,66.2
2010-10-24,68
2010-10-25,68
2010-10-26,69.8
2010-10-27,68
2010-10-28,68
2010-10-29,69.8
2010-10-30,68
2010-10-31,69.8
2010-11-01,69.8
2010-11-02,68
2010-11-03,68
2010-11-04,68
2010-11-05,66.2
2010-11-06,68
2010-11-07,66.2
2010-11-08,66.2
2010-11-09,66.2
2010-11-10,66.2
2010-11-11,64.4
2010-11-12,64.4
2010-11-13,64.4
2010-11-14,64.4
2010-11-15,64.4
2010-11-16,64.4
2010-11-17,64.4
2010-11-18,66.2
2010-11-19,64.4
2010-11-20,62.6
2010-11-21,62.6
2010-11-22,64.4
2010-11-23,62.6
2010-11-24,64.4
2010-11-25,64.4
2010-11-26,62.6
2010-11-27,62.6
2010-11-28,62.6
2010-11-29,64.4
2010-11-30,60.8
2010-12-01,62.6
2010-12-02,60.8
2010-12-03,60.8
2010-12-04,62.6
2010-12-05,62.6
2010-12-06,64.4
2010-12-07,64.4
2010-12-08,66.2
2010-12-09,59
2010-12-10,62.6
2010-12-11,60.8
2010-12-12,55.4
2010-12-13,57.2
2010-12-14,57.2
2010-12-15,57.2
2010-12-16,59
2010-12-17,55.4
2010-12-18,57.2
2010-12-19,57.2
2010-12-20,57.2
2010-12-21,57.2
2010-12-22,55.4
2010-12-23,57.2
2010-12-24,53.6
2010-12-25,55.4
2010-12-26,55.4
2010-12-27,57.2
2010-12-28,55.4
2010-12-29,57.2
2010-12-30,57.2
2010-12-31,59
2011-01-01,57.2
2011-01-02,55.4
2011-01-03,57.2
2011-01-04,57.2
2011-01-05,57.2
2011-01-06,59
2011-01-07,59
2011-01-08,59
2011-01-09,57.2
2011-01-10,55.4
2011-01-11,55.4
2011-01-12,53.6
2011-01-13,51.8
2011-01-14,51.8
2011-01-15,53.6
2011-01-16,55.4
2011-01-17,50
2011-01-18,51.8
2011-01-19,50
2011-01-20,51.8
2011-01-21,51.8
2011-01-22,55.4
2011-01-23,53.6
2011-01-24,55.4
2011-01-25,55.4
2011-01-26,57.2
2011-01-27,59
2011-01-28,59
2011-01-29,57.2
2011-01-30,59
2011-01-31,60.8
2011-02-01,57.2
2011-02-02,60.8
2011-02-03,60.8
2011-02-04,60.8
2011-02-05,59
2011-02-06,60.8
2011-02-07,62.6
2011-02-08,62.6
2011-02-09,62.6
2011-02-10,60.8
2011-02-11,59
2011-02-12,59
2011-02-13,59
2011-02-14,60.8
2011-02-15,64.4
2011-02-16,64.4
2011-02-17,64.4
2011-02-18,60.8
2011-02-19,60.8
2011-02-20,60.8
2011-02-21,62.6
2011-02-22,62.6
2011-02-23,64.4
2011-02-24,64.4
2011-02-25,66.2
2011-02-26,64.4
2011-02-27,68
2011-02-28,62.6
2011-03-01,66.2
2011-03-02,66.2
2011-03-03,69.8
2011-03-04,68
2011-03-05,68
2011-03-06,69.8
2011-03-07,69.8
2011-03-08,68
2011-03-09,66.2
2011-03-10,71.6
2011-03-11,71.6
2011-03-12,66.2
2011-03-13,68
2011-03-14,69.8
2011-03-15,69.8
2011-03-16,68
2011-03-17,66.2
2011-03-18,68
2011-03-19,69.8
2011-03-20,71.6
2011-03-21,71.6
2011-03-22,73.4
2011-03-23,75.2
2011-03-24,73.4
2011-03-25,69.8
2011-03-26,69.8
2011-03-27,69.8
2011-03-28,66.2
2011-03-29,66.2
2011-03-30,66.2
2011-03-31,66.2
2011-04-01,69.8
2011-04-02,69.8
2011-04-03,73.4
2011-04-04,73.4
2011-04-05,73.4
2011-04-06,71.6
2011-04-07,73.4
2011-04-08,73.4
2011-04-09,77
2011-04-10,77
2011-04-11,77
2011-04-12,77
2011-04-13,78.8
2011-04-14,73.4
2011-04-15,73.4
2011-04-16,75.2
2011-04-17,77
2011-04-18,80.6
2011-04-19,75.2
2011-04-20,73.4
2011-04-21,75.2
2011-04-22,75.2
2011-04-23,66.2
2011-04-24,73.4
2011-04-25,73.4
2011-04-26,73.4
2011-04-27,71.6
2011-04-28,68
2011-04-29,69.8
2011-04-30,71.6
2011-05-01,71.6
2011-05-02,71.6
2011-05-03,73.4
2011-05-04,71.6
2011-05-05,73.4
2011-05-06,73.4
2011-05-07,75.2
2011-05-08,75.2
2011-05-09,77
2011-05-10,77
2011-05-11,77
2011-05-12,77
2011-05-13,80.6
2011-05-14,78.8
2011-05-15,78.8
2011-05-16,80.6
2011-05-17,78.8
2011-05-18,77
2011-05-19,75.2
2011-05-20,73.4
2011-05-21,71.6
2011-05-22,71.6
2011-05-23,77
2011-05-24,75.2
2011-05-25,75.2
2011-05-26,78.8
2011-05-27,77
2011-05-28,75.2
2011-05-29,77
2011-05-30,75.2
2011-05-31,73.4
2011-06-01,73.4
2011-06-02,78.8
2011-06-03,78.8
2011-06-04,78.8
2011-06-05,77
2011-06-06,77
2011-06-07,77
2011-06-08,75.2
2011-06-09,69.8
2011-06-10,71.6
2011-06-11,78.8
2011-06-12,78.8
2011-06-13,77
2011-06-14,73.4
2011-06-15,73.4
2011-06-16,73.4
2011-06-17,75.2
2011-06-18,78.8
2011-06-19,77
2011-06-20,77
2011-06-21,75.2
2011-06-22,75.2
2011-06-23,73.4
2011-06-24,78.8
2011-06-25,78.8
2011-06-26,77
2011-06-27,75.2
2011-06-28,75.2
2011-06-29,75.2
2011-06-30,75.2
2011-07-01,69.8
2011-07-02,75.2
2011-07-03,75.2
2011-07-04,73.4
2011-07-05,77
2011-07-06,77
2011-07-07,75.2
2011-07-08,77
2011-07-09,77
2011-07-10,80.6
2011-07-11,78.8
2011-07-12,75.2
2011-07-13,77
2011-07-14,71.6
2011-07-15,73.4
2011-07-16,73.4
2011-07-17,75.2
2011-07-18,75.2
2011-07-19,73.4
2011-07-20,75.2
2011-07-21,73.4
2011-07-22,77
2011-07-23,75.2
2011-07-24,77
2011-07-25,78.8
2011-07-26,75.2
2011-07-27,78.8
2011-07-28,77
2011-07-29,75.2
2011-07-30,73.4
2011-07-31,80.6
2011-08-01,78.8
2011-08-02,78.8
2011-08-03,75.2
2011-08-04,75.2
2011-08-05,75.2
2011-08-06,75.2
2011-08-07,73.4
2011-08-08,73.4
2011-08-09,68
2011-08-10,69.8
2011-08-11,75.2
2011-08-12,75.2
2011-08-13,75.2
2011-08-14,71.6
2011-08-15,73.4
2011-08-16,71.6
2011-08-17,71.6
2011-08-18,73.4
2011-08-19,75.2
2011-08-20,78.8
2011-08-21,75.2
2011-08-22,73.4
2011-08-23,73.4
2011-08-24,73.4
2011-08-25,73.4
2011-08-26,73.4
2011-08-27,75.2
2011-08-28,75.2
2011-08-29,75.2
2011-08-30,77
2011-08-31,78.8
2011-09-01,77
2011-09-02,77
2011-09-03,77
2011-09-04,78.8
2011-09-05,77
2011-09-06,75.2
2011-09-07,73.4
2011-09-08,75.2
2011-09-09,75.2
2011-09-10,75.2
2011-09-11,77
2011-09-12,78.8
2011-09-13,78.8
2011-09-14,75.2
2011-09-15,73.4
2011-09-16,73.4
2011-09-17,73.4
2011-09-18,77
2011-09-19,75.2
2011-09-20,73.4
2011-09-21,73.4
2011-09-22,71.6
2011-09-23,75.2
2011-09-24,69.8
2011-09-25,71.6
2011-09-26,75.2
2011-09-27,75.2
2011-09-28,75.2
2011-09-29,73.4
2011-09-30,73.4
2011-10-01,73.4
2011-10-02,69.8
2011-10-03,71.6
2011-10-04,69.8
2011-10-05,71.6
2011-10-06,73.4
2011-10-07,73.4
2011-10-08,71.6
2011-10-09,73.4
2011-10-10,73.4
2011-10-11,73.4
2011-10-12,73.4
2011-10-13,71.6
2011-10-14,71.6
2011-10-15,73.4
2011-10-16,71.6
2011-10-17,71.6
2011-10-18,71.6
2011-10-19,68
2011-10-20,62.6
2011-10-21,68
2011-10-22,66.2
2011-10-23,66.2
2011-10-24,68
2011-10-25,69.8
2011-10-26,68
2011-10-27,68
2011-10-28,66.2
2011-10-29,66.2
2011-10-30,66.2
2011-10-31,64.4
2011-11-01,64.4
2011-11-02,62.6
2011-11-03,62.6
2011-11-04,62.6
2011-11-05,62.6
2011-11-06,62.6
2011-11-07,62.6
2011-11-08,62.6
2011-11-09,62.6
2011-11-10,62.6
2011-11-11,62.6
2011-11-12,62.6
2011-11-13,64.4
2011-11-14,62.6
2011-11-15,60.8
2011-11-16,60.8
2011-11-17,60.8
2011-11-18,60.8
2011-11-19,62.6
2011-11-20,62.6
2011-11-21,64.4
2011-11-22,62.6
2011-11-23,62.6
2011-11-24,64.4
2011-11-25,62.6
2011-11-26,60.8
2011-11-27,60.8
2011-11-28,60.8
2011-11-29,62.6
2011-11-30,62.6
2011-12-01,62.6
2011-12-02,60.8
2011-12-03,59
2011-12-04,59
2011-12-05,60.8
2011-12-06,62.6
2011-12-07,62.6
2011-12-08,60.8
2011-12-09,60.8
2011-12-10,59
2011-12-11,57.2
2011-12-12,57.2
2011-12-13,55.4
2011-12-14,53.6
2011-12-15,55.4
2011-12-16,55.4
2011-12-17,55.4
2011-12-18,55.4
2011-12-19,55.4
2011-12-20,55.4
2011-12-21,55.4
2011-12-22,57.2
2011-12-23,55.4
2011-12-24,59
2011-12-25,59
2011-12-26,60.8
2011-12-27,60.8
2011-12-28,60.8
2011-12-29,59
2011-12-30,60.8
2011-12-31,60.8
2012-01-01,62.6
2012-01-02,59
2012-01-03,55.4
2012-01-04,53.6
2012-01-05,55.4
2012-01-06,57.2
2012-01-07,57.2
2012-01-08,59
2012-01-09,57.2
2012-01-10,57.2
2012-01-11,55.4
2012-01-12,55.4
2012-01-13,53.6
2012-01-14,53.6
2012-01-15,53.6
2012-01-16,53.6
2012-01-17,53.6
2012-01-18,55.4
2012-01-19,55.4
2012-01-20,55.4
2012-01-21,55.4
2012-01-22,53.6
2012-01-23,55.4
2012-01-24,55.4
2012-01-25,53.6
2012-01-26,55.4
2012-01-27,57.2
2012-01-28,55.4
2012-01-29,57.2
2012-01-30,57.2
2012-01-31,57.2
2012-02-01,59
2012-02-02,57.2
2012-02-03,59
2012-02-04,59
2012-02-05,62.6
2012-02-06,60.8
2012-02-07,60.8
2012-02-08,62.6
2012-02-09,64.4
2012-02-10,62.6
2012-02-11,60.8
2012-02-12,59
2012-02-13,59
2012-02-14,62.6
2012-02-15,62.6
2012-02-16,64.4
2012-02-17,66.2
2012-02-18,64.4
2012-02-19,64.4
2012-02-20,62.6
2012-02-21,64.4
2012-02-22,66.2
2012-02-23,66.2
2012-02-24,68
2012-02-25,68
2012-02-26,68
2012-02-27,68
2012-02-28,64.4
2012-02-29,64.4
2012-03-01,66.2
2012-03-02,64.4
2012-03-03,62.6
2012-03-04,62.6
2012-03-05,64.4
2012-03-06,66.2
2012-03-07,68
2012-03-08,69.8
2012-03-09,68
2012-03-10,68
2012-03-11,69.8
2012-03-12,69.8
2012-03-13,73.4
2012-03-14,69.8
2012-03-15,69.8
2012-03-16,66.2
2012-03-17,68
2012-03-18,68
2012-03-19,71.6
2012-03-20,75.2
2012-03-21,73.4
2012-03-22,73.4
2012-03-23,75.2
2012-03-24,75.2
2012-03-25,77
2012-03-26,77
2012-03-27,77
2012-03-28,77
2012-03-29,75.2
2012-03-30,75.2
2012-03-31,77
2012-04-01,77
2012-04-02,78.8
2012-04-03,78.8
2012-04-04,75.2
2012-04-05,73.4
2012-04-06,64.4
2012-04-07,69.8
2012-04-08,64.4
2012-04-09,66.2
2012-04-10,68
2012-04-11,68
2012-04-12,69.8
2012-04-13,71.6
2012-04-14,75.2
2012-04-15,75.2
2012-04-16,75.2
2012-04-17,75.2
2012-04-18,75.2
2012-04-19,75.2
2012-04-20,75.2
2012-04-21,75.2
2012-04-22,77
2012-04-23,73.4
2012-04-24,77
2012-04-25,77
2012-04-26,77
2012-04-27,73.4
2012-04-28,69.8
2012-04-29,73.4
2012-04-30,68
2012-05-01,71.6
2012-05-02,71.6
2012-05-03,73.4
2012-05-04,77
2012-05-05,77
2012-05-06,78.8
2012-05-07,80.6
2012-05-08,78.8
2012-05-09,80.6
2012-05-10,78.8
2012-05-11,77
2012-05-12,77
2012-05-13,77
2012-05-14,78.8
2012-05-15,78.8
2012-05-16,78.8
2012-05-17,78.8
2012-05-18,80.6
2012-05-19,80.6
2012-05-20,78.8
2012-05-21,80.6
2012-05-22,80.6
2012-05-23,78.8
2012-05-24,80.6
2012-05-25,80.6
2012-05-26,84.2
2012-05-27,80.6
2012-05-28,80.6
2012-05-29,78.8
2012-05-30,78.8
2012-05-31,75.2
2012-06-01,73.4
2012-06-02,73.4
2012-06-03,75.2
2012-06-04,75.2
2012-06-05,78.8
2012-06-06,78.8
2012-06-07,80.6
2012-06-08,80.6
2012-06-09,80.6
2012-06-10,77
2012-06-11,78.8
2012-06-12,80.6
2012-06-13,80.6
2012-06-14,78.8
2012-06-15,77
2012-06-16,73.4
2012-06-17,71.6
2012-06-18,78.8
2012-06-19,77
2012-06-20,71.6
2012-06-21,75.2
2012-06-22,73.4
2012-06-23,73.4
2012-06-24,71.6
2012-06-25,69.8
2012-06-26,75.2
2012-06-27,77
2012-06-28,78.8
2012-06-29,78.8
2012-06-30,80.6
2012-07-01,77
2012-07-02,77
2012-07-03,75.2
2012-07-04,75.2
2012-07-05,80.6
2012-07-06,75.2
2012-07-07,77
2012-07-08,75.2
2012-07-09,75.2
2012-07-10,75.2
2012-07-11,78.8
2012-07-12,78.8
2012-07-13,71.6
2012-07-14,71.6
2012-07-15,69.8
2012-07-16,75.2
2012-07-17,75.2
2012-07-18,73.4
2012-07-19,71.6
2012-07-20,73.4
2012-07-21,75.2
2012-07-22,73.4
2012-07-23,75.2
2012-07-24,73.4
2012-07-25,75.2
2012-07-26,78.8
2012-07-27,75.2
2012-07-28,73.4
2012-07-29,71.6
2012-07-30,75.2
2012-07-31,75.2
2012-08-01,73.4
2012-08-02,69.8
2012-08-03,73.4
2012-08-04,75.2
2012-08-05,75.2
2012-08-06,75.2
2012-08-07,71.6
2012-08-08,77
2012-08-09,78.8
2012-08-10,77
2012-08-11,77
2012-08-12,73.4
2012-08-13,75.2
2012-08-14,75.2
2012-08-15,77
2012-08-16,78.8
2012-08-17,77
2012-08-18,80.6
2012-08-19,75.2
2012-08-20,69.8
2012-08-21,69.8
2012-08-22,73.4
2012-08-23,73.4
2012-08-24,75.2
2012-08-25,78.8
2012-08-26,77
2012-08-27,75.2
2012-08-28,75.2
2012-08-29,77
2012-08-30,75.2
2012-08-31,75.2
2012-09-01,75.2
2012-09-02,75.2
2012-09-03,69.8
2012-09-04,66.2
2012-09-05,68
2012-09-06,75.2
2012-09-07,78.8
2012-09-08,78.8
2012-09-09,73.4
2012-09-10,73.4
2012-09-11,73.4
2012-09-12,69.8
2012-09-13,68
2012-09-14,69.8
2012-09-15,68
2012-09-16,71.6
2012-09-17,75.2
2012-09-18,75.2
2012-09-19,75.2
2012-09-20,75.2
2012-09-21,75.2
2012-09-22,77
2012-09-23,75.2
2012-09-24,73.4
2012-09-25,71.6
2012-09-26,75.2
2012-09-27,77
2012-09-28,75.2
2012-09-29,75.2
2012-09-30,75.2
2012-10-01,71.6
2012-10-02,75.2
2012-10-03,73.4
2012-10-04,68
2012-10-05,68
2012-10-06,71.6
2012-10-07,73.4
2012-10-08,73.4
2012-10-09,71.6
2012-10-10,68
2012-10-11,68
2012-10-12,69.8
2012-10-13,69.8
2012-10-14,69.8
2012-10-15,68
2012-10-16,69.8
2012-10-17,69.8
2012-10-18,68
2012-10-19,69.8
2012-10-20,69.8
2012-10-21,69.8
2012-10-22,69.8
2012-10-23,69.8
2012-10-24,68
2012-10-25,66.2
2012-10-26,68
2012-10-27,68
2012-10-28,69.8
2012-10-29,69.8
2012-10-30,68
2012-10-31,68
2012-11-01,68
2012-11-02,66.2
2012-11-03,68
2012-11-04,64.4
2012-11-05,66.2
2012-11-06,68
2012-11-07,64.4
2012-11-08,64.4
2012-11-09,62.6
2012-11-10,64.4
2012-11-11,64.4
2012-11-12,64.4
2012-11-13,64.4
2012-11-14,62.6
2012-11-15,64.4
2012-11-16,66.2
2012-11-17,64.4
2012-11-18,68
2012-11-19,66.2
2012-11-20,64.4
2012-11-21,66.2
2012-11-22,66.2
2012-11-23,62.6
2012-11-24,64.4
2012-11-25,60.8
2012-11-26,59
2012-11-27,59
2012-11-28,59
2012-11-29,59
2012-11-30,59
2012-12-01,60.8
2012-12-02,60.8
2012-12-03,60.8
2012-12-04,60.8
2012-12-05,60.8
2012-12-06,60.8
2012-12-07,60.8
2012-12-08,60.8
2012-12-09,59
2012-12-10,59
2012-12-11,57.2
2012-12-12,55.4
2012-12-13,57.2
2012-12-14,57.2
2012-12-15,57.2
2012-12-16,57.2
2012-12-17,57.2
2012-12-18,59
2012-12-19,57.2
2012-12-20,55.4
2012-12-21,55.4
2012-12-22,57.2
2012-12-23,59
2012-12-24,55.4
2012-12-25,55.4
2012-12-26,53.6
2012-12-27,57.2
2012-12-28,55.4
2012-12-29,55.4
2012-12-30,55.4
2012-12-31,55.4
2013-01-01,59
2013-01-02,59
2013-01-03,60.8
2013-01-04,59
2013-01-05,59
2013-01-06,59
2013-01-07,57.2
2013-01-08,55.4
2013-01-09,57.2
2013-01-10,55.4
2013-01-11,55.4
2013-01-12,55.4
2013-01-13,55.4
2013-01-14,57.2
2013-01-15,59
2013-01-16,59
2013-01-17,62.6
2013-01-18,64.4
2013-01-19,64.4
2013-01-20,62.6
2013-01-21,60.8
2013-01-22,60.8
2013-01-23,62.6
2013-01-24,64.4
2013-01-25,62.6
2013-01-26,59
2013-01-27,60.8
2013-01-28,62.6
2013-01-29,64.4
2013-01-30,60.8
2013-01-31,64.4
2013-02-01,66.2
2013-02-02,64.4
2013-02-03,59
2013-02-04,64.4
2013-02-05,66.2
2013-02-06,71.6
2013-02-07,71.6
2013-02-08,69.8
2013-02-09,66.2
2013-02-10,68
2013-02-11,69.8
2013-02-12,69.8
2013-02-13,71.6
2013-02-14,71.6
2013-02-15,73.4
2013-02-16,73.4
2013-02-17,66.2
2013-02-18,64.4
2013-02-19,66.2
2013-02-20,68
2013-02-21,69.8
2013-02-22,71.6
2013-02-23,73.4
2013-02-24,73.4
2013-02-25,75.2
2013-02-26,77
2013-02-27,77
2013-02-28,77
2013-03-01,75.2
2013-03-02,77
2013-03-03,78.8
2013-03-04,77
2013-03-05,77
2013-03-06,78.8
2013-03-07,75.2
2013-03-08,75.2
2013-03-09,77
2013-03-10,75.2
2013-03-11,75.2
2013-03-12,75.2
2013-03-13,73.4
2013-03-14,77
2013-03-15,80.6
2013-03-16,78.8
2013-03-17,77
2013-03-18,71.6
2013-03-19,71.6
2013-03-20,73.4
2013-03-21,73.4
2013-03-22,73.4
2013-03-23,75.2
2013-03-24,78.8
2013-03-25,75.2
2013-03-26,77
2013-03-27,77
2013-03-28,78.8
2013-03-29,77
2013-03-30,77
2013-03-31,77
2013-04-01,77
2013-04-02,78.8
2013-04-03,78.8
2013-04-04,73.4
2013-04-05,75.2
2013-04-06,75.2
2013-04-07,77
2013-04-08,80.6
2013-04-09,82.4
2013-04-10,84.2
2013-04-11,82.4
2013-04-12,82.4
2013-04-13,82.4
2013-04-14,80.6
2013-04-15,78.8
2013-04-16,71.6
2013-04-17,73.4
2013-04-18,75.2
2013-04-19,77
2013-04-20,77
2013-04-21,77
2013-04-22,77
2013-04-23,77
2013-04-24,80.6
2013-04-25,80.6
2013-04-26,84.2
2013-04-27,78.8
2013-04-28,78.8
2013-04-29,80.6
2013-04-30,82.4
2013-05-01,80.6
2013-05-02,75.2
2013-05-03,75.2
2013-05-04,68
2013-05-05,69.8
2013-05-06,66.2
2013-05-07,69.8
2013-05-08,73.4
2013-05-09,71.6
2013-05-10,73.4
2013-05-11,73.4
2013-05-12,75.2
2013-05-13,77
2013-05-14,75.2
2013-05-15,77
2013-05-16,69.8
2013-05-17,73.4
2013-05-18,77
2013-05-19,77
2013-05-20,80.6
2013-05-21,78.8
2013-05-22,77
2013-05-23,73.4
2013-05-24,73.4
2013-05-25,75.2
2013-05-26,77
2013-05-27,77
2013-05-28,77
2013-05-29,75.2
2013-05-30,73.4
2013-05-31,78.8
2013-06-01,80.6
2013-06-02,82.4
2013-06-03,82.4
2013-06-04,78.8
2013-06-05,80.6
2013-06-06,78.8
2013-06-07,77
2013-06-08,73.4
2013-06-09,73.4
2013-06-10,78.8
2013-06-11,78.8
2013-06-12,80.6
2013-06-13,80.6
2013-06-14,80.6
2013-06-15,80.6
2013-06-16,82.4
2013-06-17,82.4
2013-06-18,80.6
2013-06-19,80.6
2013-06-20,80.6
2013-06-21,80.6
2013-06-22,80.6
2013-06-23,82.4
2013-06-24,78.8
2013-06-25,75.2
2013-06-26,77
2013-06-27,73.4
2013-06-28,75.2
2013-06-29,73.4
2013-06-30,77
2013-07-01,75.2
2013-07-02,75.2
2013-07-03,77
2013-07-04,77
2013-07-05,77
2013-07-06,73.4
2013-07-07,75.2
2013-07-08,77
2013-07-09,75.2
2013-07-10,80.6
2013-07-11,75.2
2013-07-12,75.2
2013-07-13,75.2
2013-07-14,75.2
2013-07-15,80.6
2013-07-16,80.6
2013-07-17,73.4
2013-07-18,77
2013-07-19,75.2
2013-07-20,75.2
2013-07-21,75.2
2013-07-22,77
2013-07-23,78.8
2013-07-24,78.8
2013-07-25,78.8
2013-07-26,73.4
2013-07-27,75.2
2013-07-28,78.8
2013-07-29,78.8
2013-07-30,80.6
2013-07-31,73.4
2013-08-01,75.2
2013-08-02,75.2
2013-08-03,80.6
2013-08-04,78.8
2013-08-05,73.4
2013-08-06,73.4
2013-08-07,73.4
2013-08-08,77
2013-08-09,75.2
2013-08-10,77
2013-08-11,73.4
2013-08-12,75.2
2013-08-13,75.2
2013-08-14,71.6
2013-08-15,75.2
2013-08-16,75.2
2013-08-17,77
2013-08-18,77
2013-08-19,71.6
2013-08-20,71.6
2013-08-21,73.4
2013-08-22,77
2013-08-23,78.8
2013-08-24,80.6
2013-08-25,78.8
2013-08-26,75.2
2013-08-27,69.8
2013-08-28,77
2013-08-29,77
2013-08-30,73.4
2013-08-31,75.2
2013-09-01,77
2013-09-02,73.4
2013-09-03,73.4
2013-09-04,73.4
2013-09-05,71.6
2013-09-06,77
2013-09-07,73.4
2013-09-08,73.4
2013-09-09,69.8
2013-09-10,71.6
2013-09-11,71.6
2013-09-12,75.2
2013-09-13,80.6
2013-09-14,77
2013-09-15,71.6
2013-09-16,73.4
2013-09-17,69.8
2013-09-18,73.4
2013-09-19,77
2013-09-20,78.8
2013-09-21,78.8
2013-09-22,80.6
2013-09-23,80.6
2013-09-24,78.8
2013-09-25,75.2
2013-09-26,77
2013-09-27,71.6
2013-09-28,69.8
2013-09-29,66.2
2013-09-30,68
2013-10-01,75.2
2013-10-02,77
2013-10-03,75.2
2013-10-04,71.6
2013-10-05,68
2013-10-06,71.6
2013-10-07,68
2013-10-08,64.4
2013-10-09,64.4
2013-10-10,77
2013-10-11,77
2013-10-12,75.2
2013-10-13,75.2
2013-10-14,75.2
2013-10-15,73.4
2013-10-16,73.4
2013-10-17,75.2
2013-10-18,73.4
2013-10-19,71.6
2013-10-20,71.6
2013-10-21,69.8
2013-10-22,66.2
2013-10-23,69.8
2013-10-24,71.6
2013-10-25,71.6
2013-10-26,64.4
2013-10-27,64.4
2013-10-28,66.2
2013-10-29,66.2
2013-10-30,66.2
2013-10-31,64.4
2013-11-01,66.2
2013-11-02,64.4
2013-11-03,66.2
2013-11-04,66.2
2013-11-05,68
2013-11-06,68
2013-11-07,68
2013-11-08,68
2013-11-09,71.6
2013-11-10,69.8
2013-11-11,68
2013-11-12,66.2
2013-11-13,66.2
2013-11-14,69.8
2013-11-15,68
2013-11-16,69.8
2013-11-17,68
2013-11-18,66.2
2013-11-19,64.4
2013-11-20,62.6
2013-11-21,66.2
2013-11-22,66.2
2013-11-23,64.4
2013-11-24,64.4
2013-11-25,64.4
2013-11-26,64.4
2013-11-27,66.2
2013-11-28,66.2
2013-11-29,66.2
2013-11-30,64.4
2013-12-01,64.4
2013-12-02,62.6
2013-12-03,60.8
2013-12-04,60.8
2013-12-05,60.8
2013-12-06,62.6
2013-12-07,60.8
2013-12-08,60.8
2013-12-09,59
2013-12-10,59
2013-12-11,57.2
2013-12-12,55.4
2013-12-13,55.4
2013-12-14,53.6
2013-12-15,53.6
2013-12-16,53.6
2013-12-17,53.6
2013-12-18,53.6
2013-12-19,53.6
2013-12-20,51.8
2013-12-21,51.8
2013-12-22,51.8
2013-12-23,53.6
2013-12-24,55.4
2013-12-25,55.4
2013-12-26,53.6
2013-12-27,55.4
2013-12-28,55.4
2013-12-29,55.4
2013-12-30,55.4
2013-12-31,57.2
2014-01-01,57.2
2014-01-02,57.2
2014-01-03,53.6
2014-01-04,53.6
2014-01-05,53.6
2014-01-06,57.2
2014-01-07,53.6
2014-01-08,53.6
2014-01-09,55.4
2014-01-10,57.2
2014-01-11,57.2
2014-01-12,51.8
2014-01-13,57.2
2014-01-14,57.2
2014-01-15,57.2
2014-01-16,57.2
2014-01-17,59
2014-01-18,59
2014-01-19,60.8
2014-01-20,59
2014-01-21,59
2014-01-22,59
2014-01-23,60.8
2014-01-24,60.8
2014-01-25,62.6
2014-01-26,60.8
2014-01-27,59
2014-01-28,60.8
2014-01-29,60.8
2014-01-30,60.8
2014-01-31,60.8
2014-02-01,60.8
2014-02-02,60.8
2014-02-03,62.6
2014-02-04,62.6
2014-02-05,60.8
2014-02-06,62.6
2014-02-07,62.6
2014-02-08,62.6
2014-02-09,62.6
2014-02-10,62.6
2014-02-11,64.4
2014-02-12,59
2014-02-13,59
2014-02-14,60.8
2014-02-15,64.4
2014-02-16,60.8
2014-02-17,53.6
2014-02-18,57.2
2014-02-19,59
2014-02-20,60.8
2014-02-21,62.6
2014-02-22,62.6
2014-02-23,66.2
2014-02-24,66.2
2014-02-25,64.4
2014-02-26,66.2
2014-02-27,68
2014-02-28,66.2
2014-03-01,68
2014-03-02,69.8
2014-03-03,68
2014-03-04,68
2014-03-05,66.2
2014-03-06,64.4
2014-03-07,66.2
2014-03-08,66.2
2014-03-09,66.2
2014-03-10,69.8
2014-03-11,68
2014-03-12,69.8
2014-03-13,73.4
2014-03-14,71.6
2014-03-15,73.4
2014-03-16,73.4
2014-03-17,75.2
2014-03-18,75.2
2014-03-19,73.4
2014-03-20,71.6
2014-03-21,69.8
2014-03-22,69.8
2014-03-23,69.8
2014-03-24,75.2
2014-03-25,75.2
2014-03-26,75.2
2014-03-27,75.2
2014-03-28,77
2014-03-29,77
2014-03-30,78.8
2014-03-31,77
2014-04-01,75.2
2014-04-02,75.2
2014-04-03,73.4
2014-04-04,71.6
2014-04-05,71.6
2014-04-06,73.4
2014-04-07,75.2
2014-04-08,77
2014-04-09,77
2014-04-10,77
2014-04-11,77
2014-04-12,77
2014-04-13,78.8
2014-04-14,78.8
2014-04-15,78.8
2014-04-16,78.8
2014-04-17,78.8
2014-04-18,82.4
2014-04-19,82.4
2014-04-20,82.4
2014-04-21,82.4
2014-04-22,82.4
2014-04-23,80.6
2014-04-24,80.6
2014-04-25,82.4
2014-04-26,82.4
2014-04-27,82.4
2014-04-28,77
2014-04-29,80.6
2014-04-30,80.6
2014-05-01,82.4
2014-05-02,78.8
2014-05-03,77
2014-05-04,75.2
2014-05-05,75.2
2014-05-06,77
2014-05-07,71.6
2014-05-08,69.8
2014-05-09,71.6
2014-05-10,77
2014-05-11,71.6
2014-05-12,77
2014-05-13,77
2014-05-14,78.8
2014-05-15,78.8
2014-05-16,77
2014-05-17,80.6
2014-05-18,80.6
2014-05-19,80.6
2014-05-20,84.2
2014-05-21,82.4
2014-05-22,82.4
2014-05-23,84.2
2014-05-24,80.6
2014-05-25,75.2
2014-05-26,78.8
2014-05-27,80.6
2014-05-28,78.8
2014-05-29,78.8
2014-05-30,77
2014-05-31,77
2014-06-01,80.6
2014-06-02,80.6
2014-06-03,80.6
2014-06-04,78.8
2014-06-05,82.4
2014-06-06,82.4
2014-06-07,84.2
2014-06-08,80.6
2014-06-09,78.8
2014-06-10,78.8
2014-06-11,80.6
2014-06-12,82.4
2014-06-13,82.4
2014-06-14,80.6
2014-06-15,75.2
2014-06-16,73.4
2014-06-17,78.8
2014-06-18,78.8
2014-06-19,71.6
2014-06-20,69.8
2014-06-21,71.6
2014-06-22,69.8
2014-06-23,69.8
2014-06-24,77
2014-06-25,80.6
2014-06-26,77
2014-06-27,73.4
2014-06-28,78.8
2014-06-29,78.8
2014-06-30,78.8
2014-07-01,78.8
2014-07-02,73.4
2014-07-03,77
2014-07-04,77
2014-07-05,78.8
2014-07-06,78.8
2014-07-07,77
2014-07-08,78.8
2014-07-09,78.8
2014-07-10,78.8
2014-07-11,80.6
2014-07-12,78.8
2014-07-13,78.8
2014-07-14,75.2
2014-07-15,73.4
2014-07-16,71.6
2014-07-17,73.4
2014-07-18,77
2014-07-19,77
2014-07-20,73.4
2014-07-21,75.2
2014-07-22,69.8
2014-07-23,73.4
2014-07-24,75.2
2014-07-25,78.8
2014-07-26,78.8
2014-07-27,78.8
2014-07-28,77
2014-07-29,77
2014-07-30,78.8
2014-07-31,77
2014-08-01,77
2014-08-02,77
2014-08-03,77
2014-08-04,75.2
2014-08-05,75.2
2014-08-06,78.8
2014-08-07,78.8
2014-08-08,78.8
2014-08-09,77
2014-08-10,75.2
2014-08-11,77
2014-08-12,77
2014-08-13,71.6
2014-08-14,71.6
2014-08-15,71.6
2014-08-16,73.4
2014-08-17,73.4
2014-08-18,73.4
2014-08-19,75.2
2014-08-20,75.2
2014-08-21,73.4
2014-08-22,71.6
2014-08-23,75.2
2014-08-24,75.2
2014-08-25,73.4
2014-08-26,71.6
2014-08-27,73.4
2014-08-28,73.4
2014-08-29,78.8
2014-08-30,73.4
2014-08-31,71.6
2014-09-01,75.2
2014-09-02,77
2014-09-03,77
2014-09-04,75.2
2014-09-05,73.4
2014-09-06,77
2014-09-07,73.4
2014-09-08,75.2
2014-09-09,75.2
2014-09-10,75.2
2014-09-11,73.4
2014-09-12,75.2
2014-09-13,75.2
2014-09-14,75.2
2014-09-15,75.2
2014-09-16,77
2014-09-17,80.6
2014-09-18,75.2
2014-09-19,71.6
2014-09-20,71.6
2014-09-21,75.2
2014-09-22,75.2
2014-09-23,69.8
2014-09-24,73.4
2014-09-25,68
2014-09-26,73.4
2014-09-27,73.4
2014-09-28,73.4
2014-09-29,71.6
2014-09-30,73.4
2014-10-01,75.2
2014-10-02,73.4
2014-10-03,71.6
2014-10-04,75.2
2014-10-05,75.2
2014-10-06,75.2
2014-10-07,73.4
2014-10-08,73.4
2014-10-09,73.4
2014-10-10,71.6
2014-10-11,73.4
2014-10-12,71.6
2014-10-13,71.6
2014-10-14,71.6
2014-10-15,73.4
2014-10-16,71.6
2014-10-17,71.6
2014-10-18,69.8
2014-10-19,66.2
2014-10-20,69.8
2014-10-21,69.8
2014-10-22,68
2014-10-23,68
2014-10-24,68
2014-10-25,68
2014-10-26,68
2014-10-27,60.8
2014-10-28,59
2014-10-29,64.4
2014-10-30,66.2
2014-10-31,66.2
2014-11-01,68
2014-11-02,69.8
2014-11-03,71.6
2014-11-04,68
2014-11-05,68
2014-11-06,68
2014-11-07,68
2014-11-08,68
2014-11-09,68
2014-11-10,68
2014-11-11,68
2014-11-12,66.2
2014-11-13,64.4
2014-11-14,66.2
2014-11-15,64.4
2014-11-16,66.2
2014-11-17,64.4
2014-11-18,64.4
2014-11-19,62.6
2014-11-20,60.8
2014-11-21,60.8
2014-11-22,60.8
2014-11-23,60.8
2014-11-24,62.6
2014-11-25,60.8
2014-11-26,59
2014-11-27,60.8
2014-11-28,59
2014-11-29,59
2014-11-30,60.8
2014-12-01,62.6
2014-12-02,62.6
2014-12-03,62.6
2014-12-04,62.6
2014-12-05,62.6
2014-12-06,62.6
2014-12-07,60.8
2014-12-08,59
2014-12-09,59
2014-12-10,59
2014-12-11,59
2014-12-12,59
2014-12-13,60.8
2014-12-14,62.6
2014-12-15,62.6
2014-12-16,60.8
2014-12-17,57.2
2014-12-18,57.2
2014-12-19,57.2
2014-12-20,57.2
2014-12-21,59
2014-12-22,57.2
2014-12-23,57.2
2014-12-24,59
2014-12-25,57.2
2014-12-26,55.4
2014-12-27,57.2
2014-12-28,59
2014-12-29,59
2014-12-30,62.6
2014-12-31,64.4
2015-01-01,64.4
2015-01-02,60.8
2015-01-03,66.2
2015-01-04,64.4
2015-01-05,57.2
2015-01-06,55.4
2015-01-07,57.2
2015-01-08,55.4
2015-01-09,55.4
2015-01-10,53.6
2015-01-11,55.4
2015-01-12,55.4
2015-01-13,57.2
2015-01-14,59
2015-01-15,60.8
2015-01-16,60.8
2015-01-17,59
2015-01-18,57.2
2015-01-19,57.2
2015-01-20,57.2
2015-01-21,59
2015-01-22,60.8
2015-01-23,60.8
2015-01-24,60.8
2015-01-25,60.8
2015-01-26,60.8
2015-01-27,62.6
2015-01-28,62.6
2015-01-29,64.4
2015-01-30,60.8
2015-01-31,57.2
2015-02-01,57.2
2015-02-02,60.8
2015-02-03,62.6
2015-02-04,62.6
2015-02-05,62.6
2015-02-06,62.6
2015-02-07,59
2015-02-08,62.6
2015-02-09,62.6
2015-02-10,64.4
2015-02-11,62.6
2015-02-12,62.6
2015-02-13,60.8
2015-02-14,59
2015-02-15,59
2015-02-16,62.6
2015-02-17,62.6
2015-02-18,64.4
2015-02-19,60.8
2015-02-20,64.4
2015-02-21,64.4
2015-02-22,64.4
2015-02-23,68
2015-02-24,69.8
2015-02-25,69.8
2015-02-26,69.8
2015-02-27,69.8
2015-02-28,71.6
2015-03-01,73.4
2015-03-02,75.2
2015-03-03,69.8
2015-03-04,66.2
2015-03-05,64.4
2015-03-06,64.4
2015-03-07,66.2
2015-03-08,69.8
2015-03-09,71.6
2015-03-10,53.6
2015-03-11,71.6
2015-03-12,69.8
2015-03-13,71.6
2015-03-14,71.6
2015-03-15,73.4
2015-03-16,71.6
2015-03-17,71.6
2015-03-18,71.6
2015-03-19,59
2015-03-20,73.4
2015-03-21,75.2
2015-03-22,75.2
2015-03-23,77
2015-03-24,77
2015-03-25,73.4
2015-03-26,73.4
2015-03-27,73.4
2015-03-28,73.4
2015-03-29,75.2
2015-03-30,75.2
2015-03-31,71.6
2015-04-01,71.6
2015-04-02,69.8
2015-04-03,71.6
2015-04-04,71.6
2015-04-05,71.6
2015-04-06,69.8
2015-04-07,71.6
2015-04-08,73.4
2015-04-09,73.4
2015-04-10,73.4
2015-04-11,75.2
2015-04-12,77
2015-04-13,78.8
2015-04-14,77
2015-04-15,77
2015-04-16,80.6
2015-04-17,77
2015-04-18,73.4
2015-04-19,73.4
2015-04-20,73.4
2015-04-21,73.4
2015-04-22,75.2
2015-04-23,71.6
2015-04-24,73.4
2015-04-25,73.4
2015-04-26,71.6
2015-04-27,69.8
2015-04-28,75.2
2015-04-29,73.4
2015-04-30,71.6
2015-05-01,73.4
2015-05-02,75.2
2015-05-03,77
2015-05-04,78.8
2015-05-05,77
2015-05-06,78.8
2015-05-07,80.6
2015-05-08,73.4
2015-05-09,78.8
2015-05-10,77
2015-05-11,78.8
2015-05-12,77
2015-05-13,78.8
2015-05-14,80.6
2015-05-15,80.6
2015-05-16,78.8
2015-05-17,77
2015-05-18,73.4
2015-05-19,77
2015-05-20,78.8
2015-05-21,80.6
2015-05-22,78.8
2015-05-23,78.8
2015-05-24,78.8
2015-05-25,78.8
2015-05-26,80.6
2015-05-27,78.8
2015-05-28,77
2015-05-29,78.8
2015-05-30,80.6
2015-05-31,77
2015-06-01,78.8
2015-06-02,80.6
2015-06-03,78.8
2015-06-04,82.4
2015-06-05,80.6
2015-06-06,80.6
2015-06-07,80.6
2015-06-08,80.6
2015-06-09,78.8
2015-06-10,78.8
2015-06-11,75.2
2015-06-12,75.2
2015-06-13,77
2015-06-14,78.8
2015-06-15,80.6
2015-06-16,75.2
2015-06-17,78.8
2015-06-18,77
2015-06-19,78.8
2015-06-20,80.6
2015-06-21,77
2015-06-22,77
2015-06-23,75.2
2015-06-24,77
2015-06-25,73.4
2015-06-26,77
2015-06-27,71.6
2015-06-28,75.2
2015-06-29,77
2015-06-30,77
2015-07-01,77
2015-07-02,78.8
2015-07-03,77
2015-07-04,78.8
2015-07-05,77
2015-07-06,75.2
2015-07-07,77
2015-07-08,75.2
2015-07-09,73.4
2015-07-10,73.4
2015-07-11,73.4
2015-07-12,78.8
2015-07-13,80.6
2015-07-14,80.6
2015-07-15,75.2
2015-07-16,71.6
2015-07-17,73.4
2015-07-18,69.8
2015-07-19,68
2015-07-20,71.6
2015-07-21,77
2015-07-22,73.4
2015-07-23,75.2
2015-07-24,71.6
2015-07-25,73.4
2015-07-26,69.8
2015-07-27,68
2015-07-28,71.6
2015-07-29,69.8
2015-07-30,68
2015-07-31,68
2015-08-01,71.6
2015-08-02,75.2
2015-08-03,77
2015-08-04,77
2015-08-05,73.4
2015-08-06,77
2015-08-07,77
2015-08-08,73.4
2015-08-09,77
2015-08-10,75.2
2015-08-11,78.8
2015-08-12,78.8
2015-08-13,77
2015-08-14,77
2015-08-15,77
2015-08-16,71.6
2015-08-17,73.4
2015-08-18,71.6
2015-08-19,69.8
2015-08-20,75.2
2015-08-21,73.4
2015-08-22,75.2
2015-08-23,71.6
2015-08-24,73.4
2015-08-25,77
2015-08-26,78.8
2015-08-27,77
2015-08-28,75.2
2015-08-29,75.2
2015-08-30,75.2
2015-08-31,75.2
2015-09-01,75.2
2015-09-02,71.6
2015-09-03,73.4
2015-09-04,77
2015-09-05,75.2
2015-09-06,75.2
2015-09-07,75.2
2015-09-08,77
2015-09-09,78.8
2015-09-10,78.8
2015-09-11,77
2015-09-12,78.8
2015-09-13,77
2015-09-14,77
2015-09-15,77
2015-09-16,82.4
2015-09-17,75.2
2015-09-18,75.2
2015-09-19,73.4
2015-09-20,73.4
2015-09-21,77
2015-09-22,75.2
2015-09-23,75.2
2015-09-24,71.6
2015-09-25,75.2
2015-09-26,75.2
2015-09-27,75.2
2015-09-28,77
2015-09-29,78.8
2015-09-30,78.8
2015-10-01,77
2015-10-02,77
2015-10-03,75.2
2015-10-04,77
2015-10-05,75.2
2015-10-06,73.4
2015-10-07,75.2
2015-10-08,71.6
2015-10-09,71.6
2015-10-10,73.4
2015-10-11,71.6
2015-10-12,68
2015-10-13,69.8
2015-10-14,69.8
2015-10-15,69.8
2015-10-16,69.8
2015-10-17,69.8
2015-10-18,71.6
2015-10-19,71.6
2015-10-20,71.6
2015-10-21,71.6
2015-10-22,71.6
2015-10-23,71.6
2015-10-24,68
2015-10-25,68
2015-10-26,69.8
2015-10-27,69.8
2015-10-28,69.8
2015-10-29,69.8
2015-10-30,69.8
2015-10-31,66.2
2015-11-01,64.4
2015-11-02,64.4
2015-11-03,66.2
2015-11-04,68
2015-11-05,68
2015-11-06,68
2015-11-07,68
2015-11-08,68
2015-11-09,66.2
2015-11-10,68
2015-11-11,68
2015-11-12,66.2
2015-11-13,68
2015-11-14,66.2
2015-11-15,66.2
2015-11-16,64.4
2015-11-17,68
2015-11-18,62.6
2015-11-19,64.4
2015-11-20,64.4
2015-11-21,64.4
2015-11-22,64.4
2015-11-23,64.4
2015-11-24,64.4
2015-11-25,64.4
2015-11-26,62.6
2015-11-27,62.6
2015-11-28,64.4
2015-11-29,64.4
2015-11-30,62.6
2015-12-01,64.4
2015-12-02,64.4
2015-12-03,62.6
2015-12-04,59
2015-12-05,62.6
2015-12-06,62.6
2015-12-07,60.8
2015-12-08,60.8
2015-12-09,60.8
2015-12-10,62.6
2015-12-11,60.8
2015-12-12,60.8
2015-12-13,60.8
2015-12-14,59
2015-12-15,59
2015-12-16,59
2015-12-17,57.2
2015-12-18,59
2015-12-19,59
2015-12-20,59
2015-12-21,55.4
2015-12-22,55.4
2015-12-23,55.4
2015-12-24,57.2
2015-12-25,53.6
2015-12-26,57.2
2015-12-27,59
2015-12-28,59
2015-12-29,59
2015-12-30,60.8
2015-12-31,60.8
2016-01-01,60.8
2016-01-02,60.8
2016-01-03,59
2016-01-04,57.2
2016-01-05,57.2
2016-01-06,59
2016-01-07,59
2016-01-08,59
2016-01-09,59
2016-01-10,57.2
2016-01-11,57.2
2016-01-12,57.2
2016-01-13,55.4
2016-01-14,57.2
2016-01-15,57.2
2016-01-16,57.2
2016-01-17,57.2
2016-01-18,57.2
2016-01-19,59
2016-01-20,60.8
2016-01-21,59
2016-01-22,55.4
2016-01-23,57.2
2016-01-24,55.4
2016-01-25,55.4
2016-01-26,55.4
2016-01-27,53.6
2016-01-28,55.4
2016-01-29,57.2
2016-01-30,57.2
2016-01-31,60.8
2016-02-01,60.8
2016-02-02,60.8
2016-02-03,62.6
2016-02-04,60.8
2016-02-05,60.8
2016-02-06,66.2
2016-02-07,66.2
2016-02-08,64.4
2016-02-09,62.6
2016-02-10,62.6
2016-02-11,62.6
2016-02-12,66.2
2016-02-13,64.4
2016-02-14,66.2
2016-02-15,68
2016-02-16,68
2016-02-17,69.8
2016-02-18,69.8
2016-02-19,69.8
2016-02-20,71.6
2016-02-21,69.8
2016-02-22,69.8
2016-02-23,68
2016-02-24,68
2016-02-25,64.4
2016-02-26,68
2016-02-27,68
2016-02-28,68
2016-02-29,66.2
2016-03-01,68
2016-03-02,69.8
2016-03-03,69.8
2016-03-04,68
2016-03-05,69.8
2016-03-06,71.6
2016-03-07,73.4
2016-03-08,71.6
2016-03-09,71.6
2016-03-10,73.4
2016-03-11,73.4
2016-03-12,73.4
2016-03-13,75.2
2016-03-14,75.2
2016-03-15,73.4
2016-03-16,69.8
2016-03-17,71.6
2016-03-18,71.6
2016-03-19,73.4
2016-03-20,75.2
2016-03-21,73.4
2016-03-22,73.4
2016-03-23,71.6
2016-03-24,75.2
2016-03-25,75.2
2016-03-26,77
2016-03-27,77
2016-03-28,75.2
2016-03-29,69.8
2016-03-30,75.2
2016-03-31,73.4
2016-04-01,71.6
2016-04-02,71.6
2016-04-03,73.4
2016-04-04,73.4
2016-04-05,73.4
2016-04-06,73.4
2016-04-07,77
2016-04-08,75.2
2016-04-09,77
2016-04-10,78.8
2016-04-11,80.6
2016-04-12,80.6
2016-04-13,78.8
2016-04-14,77
2016-04-15,77
2016-04-16,77
2016-04-17,75.2
2016-04-18,75.2
2016-04-19,75.2
2016-04-20,75.2
2016-04-21,75.2
2016-04-22,75.2
2016-04-23,75.2
2016-04-24,77
2016-04-25,75.2
2016-04-26,75.2
2016-04-27,78.8
2016-04-28,80.6
2016-04-29,80.6
2016-04-30,80.6
2016-05-01,78.8
2016-05-02,77
2016-05-03,75.2
2016-05-04,75.2
2016-05-05,75.2
2016-05-06,75.2
2016-05-07,77
2016-05-08,77
2016-05-09,78.8
2016-05-10,82.4
2016-05-11,82.4
2016-05-12,80.6
2016-05-13,77
2016-05-14,78.8
2016-05-15,77
2016-05-16,77
2016-05-17,78.8
2016-05-18,77
2016-05-19,77
2016-05-20,77
2016-05-21,77
2016-05-22,69.8
2016-05-23,75.2
2016-05-24,75.2
2016-05-25,75.2
2016-05-26,80.6
2016-05-27,75.2
2016-05-28,68
2016-05-29,77
2016-05-30,75.2
2016-05-31,78.8
2016-06-01,75.2
2016-06-02,78.8
2016-06-03,80.6
2016-06-04,80.6
2016-06-05,78.8
2016-06-06,78.8
2016-06-07,77
2016-06-08,73.4
2016-06-09,75.2
2016-06-10,71.6
2016-06-11,71.6
2016-06-12,73.4
2016-06-13,75.2
2016-06-14,75.2
2016-06-15,78.8
2016-06-16,75.2
2016-06-17,77
2016-06-18,75.2
2016-06-19,77
2016-06-20,77
2016-06-21,75.2
2016-06-22,77
2016-06-23,77
2016-06-24,77
2016-06-25,78.8
2016-06-26,80.6
2016-06-27,80.6
2016-06-28,80.6
2016-06-29,82.4
2016-06-30,77
2016-07-01,77
2016-07-02,73.4
2016-07-03,75.2
2016-07-04,75.2
2016-07-05,75.2
2016-07-06,77
2016-07-07,78.8
2016-07-08,77
2016-07-09,78.8
2016-07-10,77
2016-07-11,77
2016-07-12,78.8
2016-07-13,78.8
2016-07-14,75.2
2016-07-15,71.6
2016-07-16,73.4
2016-07-17,73.4
2016-07-18,75.2
2016-07-19,75.2
2016-07-20,73.4
2016-07-21,73.4
2016-07-22,73.4
2016-07-23,75.2
2016-07-24,75.2
2016-07-25,77
2016-07-26,75.2
2016-07-27,75.2
2016-07-28,71.6
2016-07-29,77
2016-07-30,77
2016-07-31,75.2
2016-08-01,73.4
2016-08-02,77
2016-08-03,80.6
2016-08-04,80.6
2016-08-05,77
2016-08-06,75.2
2016-08-07,73.4
2016-08-08,77
2016-08-09,75.2
2016-08-10,75.2
2016-08-11,75.2
2016-08-12,78.8
2016-08-13,78.8
2016-08-14,78.8
2016-08-15,80.6
2016-08-16,77
2016-08-17,75.2
2016-08-18,78.8
2016-08-19,78.8
2016-08-20,78.8
2016-08-21,73.4
2016-08-22,78.8
2016-08-23,77
2016-08-24,80.6
2016-08-25,82.4
2016-08-26,80.6
2016-08-27,82.4
2016-08-28,80.6
2016-08-29,78.8
2016-08-30,75.2
2016-08-31,75.2
2016-09-01,69.8
2016-09-02,75.2
2016-09-03,77
2016-09-04,77
2016-09-05,75.2
2016-09-06,75.2
2016-09-07,77
2016-09-08,77
2016-09-09,77
2016-09-10,75.2
2016-09-11,73.4
2016-09-12,75.2
2016-09-13,77
2016-09-14,77
2016-09-15,77
2016-09-16,78.8
2016-09-17,77
2016-09-18,77
2016-09-19,77
2016-09-20,75.2
2016-09-21,71.6
2016-09-22,71.6
2016-09-23,73.4
2016-09-24,77
2016-09-25,75.2
2016-09-26,77
2016-09-27,78.8
2016-09-28,77
2016-09-29,78.8
2016-09-30,78.8
2016-10-01,78.8
2016-10-02,77
2016-10-03,78.8
2016-10-04,77
2016-10-05,77
2016-10-06,77
2016-10-07,73.4
2016-10-08,75.2
2016-10-09,75.2
2016-10-10,75.2
2016-10-11,71.6
2016-10-12,71.6
2016-10-13,69.8
2016-10-14,71.6
2016-10-15,73.4
2016-10-16,75.2
2016-10-17,75.2
2016-10-18,80.6
2016-10-19,73.4
2016-10-20,73.4
2016-10-21,71.6
2016-10-22,71.6
2016-10-23,73.4
2016-10-24,71.6
2016-10-25,71.6
2016-10-26,71.6
2016-10-27,71.6
2016-10-28,71.6
2016-10-29,71.6
2016-10-30,69.8
2016-10-31,71.6
2016-11-01,71.6
2016-11-02,71.6
2016-11-03,71.6
2016-11-04,66.2
2016-11-05,66.2
2016-11-06,66.2
2016-11-07,69.8
2016-11-08,69.8
2016-11-09,68
2016-11-10,69.8
2016-11-11,68
2016-11-12,68
2016-11-13,68
2016-11-14,68
2016-11-15,68
2016-11-16,68
2016-11-17,68
2016-11-18,66.2
2016-11-19,64.4
2016-11-20,62.6
2016-11-21,62.6
2016-11-22,62.6
2016-11-23,62.6
2016-11-24,60.8
2016-11-25,64.4
2016-11-26,64.4
2016-11-27,62.6
2016-11-28,62.6
2016-11-29,62.6
2016-11-30,64.4
2016-12-01,64.4
2016-12-02,64.4
2016-12-03,64.4
2016-12-04,66.2
2016-12-05,62.6
2016-12-06,64.4
2016-12-07,62.6
2016-12-08,62.6
2016-12-09,62.6
2016-12-10,62.6
2016-12-11,62.6
2016-12-12,62.6
2016-12-13,62.6
2016-12-14,60.8
2016-12-15,64.4
2016-12-16,62.6
2016-12-17,62.6
2016-12-18,62.6
2016-12-19,62.6
2016-12-20,60.8
2016-12-21,64.4
2016-12-22,62.6
2016-12-23,62.6
2016-12-24,62.6
2016-12-25,62.6
2016-12-26,62.6
2016-12-27,60.8
2016-12-28,60.8
2016-12-29,60.8
2016-12-30,60.8
2016-12-31,62.6
2017-01-01,62.6
2017-01-02,62.6
2017-01-03,60.8
2017-01-04,59
2017-01-05,59
2017-01-06,59
2017-01-07,59
2017-01-08,59
2017-01-09,60.8
2017-01-10,59
2017-01-11,59
2017-01-12,57.2
2017-01-13,57.2
2017-01-14,57.2
2017-01-15,57.2
2017-01-16,57.2
2017-01-17,59
2017-01-18,60.8
2017-01-19,60.8
2017-01-20,60.8
2017-01-21,62.6
2017-01-22,62.6
2017-01-23,62.6
2017-01-24,64.4
2017-01-25,62.6
2017-01-26,64.4
2017-01-27,66.2
2017-01-28,64.4
2017-01-29,62.6
2017-01-30,62.6
2017-01-31,60.8
2017-02-01,62.6
2017-02-02,62.6
2017-02-03,60.8
2017-02-04,64.4
2017-02-05,66.2
2017-02-06,66.2
2017-02-07,64.4
2017-02-08,64.4
2017-02-09,66.2
2017-02-10,64.4
2017-02-11,64.4
2017-02-12,64.4
2017-02-13,64.4
2017-02-14,66.2
2017-02-15,66.2
2017-02-16,66.2
2017-02-17,68
2017-02-18,68
2017-02-19,69.8
2017-02-20,66.2
2017-02-21,66.2
2017-02-22,68
2017-02-23,68
2017-02-24,64.4
2017-02-25,64.4
2017-02-26,64.4
2017-02-27,64.4
2017-02-28,68
2017-03-01,66.2
2017-03-02,68
2017-03-03,71.6
2017-03-04,68
2017-03-05,64.4
2017-03-06,68
2017-03-07,66.2
2017-03-08,71.6
2017-03-09,66.2
2017-03-10,68
2017-03-11,64.4
2017-03-12,64.4
2017-03-13,64.4
2017-03-14,66.2
2017-03-15,66.2
2017-03-16,68
2017-03-17,68
2017-03-18,68
2017-03-19,66.2
2017-03-20,57.2
2017-03-21,64.4
2017-03-22,68
2017-03-23,71.6
2017-03-24,73.4
2017-03-25,71.6
2017-03-26,73.4
2017-03-27,73.4
2017-03-28,71.6
2017-03-29,73.4
2017-03-30,66.2
2017-03-31,71.6
2017-04-01,69.8
2017-04-02,71.6
2017-04-03,71.6
2017-04-04,68
2017-04-05,68
2017-04-06,69.8
2017-04-07,71.6
2017-04-08,75.2
2017-04-09,75.2
2017-04-10,73.4
2017-04-11,73.4
2017-04-12,75.2
2017-04-13,78.8
2017-04-14,78.8
2017-04-15,77
2017-04-16,75.2
2017-04-17,73.4
2017-04-18,75.2
2017-04-19,75.2
2017-04-20,69.8
2017-04-21,69.8
2017-04-22,71.6
2017-04-23,68
2017-04-24,71.6
2017-04-25,71.6
2017-04-26,73.4
2017-04-27,73.4
2017-04-28,73.4
2017-04-29,77
2017-04-30,77
2017-05-01,77
2017-05-02,75.2
2017-05-03,77
2017-05-04,78.8
2017-05-05,80.6
2017-05-06,80.6
2017-05-07,77
2017-05-08,78.8
2017-05-09,80.6
2017-05-10,78.8
2017-05-11,78.8
2017-05-12,78.8
2017-05-13,78.8
2017-05-14,77
2017-05-15,75.2
2017-05-16,71.6
2017-05-17,71.6
2017-05-18,73.4
2017-05-19,77
2017-05-20,78.8
2017-05-21,78.8
2017-05-22,78.8
2017-05-23,80.6
2017-05-24,80.6
2017-05-25,82.4
2017-05-26,80.6
2017-05-27,82.4
2017-05-28,78.8
2017-05-29,71.6
2017-05-30,69.8
2017-05-31,71.6
2017-06-01,71.6
2017-06-02,73.4
2017-06-03,75.2
2017-06-04,75.2
2017-06-05,78.8
2017-06-06,82.4
2017-06-07,82.4
2017-06-08,82.4
2017-06-09,80.6
2017-06-10,78.8
2017-06-11,77
2017-06-12,71.6
2017-06-13,73.4
2017-06-14,78.8
2017-06-15,78.8
2017-06-16,73.4
2017-06-17,77
2017-06-18,73.4
2017-06-19,73.4
2017-06-20,77
2017-06-21,75.2
2017-06-22,77
2017-06-23,78.8
2017-06-24,78.8
2017-06-25,78.8
2017-06-26,78.8
2017-06-27,78.8
2017-06-28,78.8
2017-06-29,75.2
2017-06-30,77
2017-07-01,75.2
2017-07-02,75.2
2017-07-03,75.2
2017-07-04,75.2
2017-07-05,75.2
2017-07-06,75.2
2017-07-07,77
2017-07-08,75.2
2017-07-09,73.4
2017-07-10,75.2
2017-07-11,69.8
2017-07-12,71.6
2017-07-13,75.2
2017-07-14,78.8
2017-07-15,78.8
2017-07-16,80.6
2017-07-17,80.6
2017-07-18,82.4
2017-07-19,71.6
2017-07-20,71.6
2017-07-21,75.2
2017-07-22,77
2017-07-23,71.6
2017-07-24,71.6
2017-07-25,75.2
2017-07-26,77
2017-07-27,77
2017-07-28,78.8
2017-07-29,80.6
2017-07-30,80.6
2017-07-31,78.8
2017-08-01,78.8
2017-08-02,78.8
2017-08-03,78.8
2017-08-04,78.8
2017-08-05,78.8
2017-08-06,78.8
2017-08-07,73.4
2017-08-08,75.2
2017-08-09,77
2017-08-10,75.2
2017-08-11,75.2
2017-08-12,71.6
2017-08-13,75.2
2017-08-14,77
2017-08-15,75.2
2017-08-16,75.2
2017-08-17,77
2017-08-18,77
2017-08-19,77
2017-08-20,78.8
2017-08-21,80.6
2017-08-22,78.8
2017-08-23,80.6
2017-08-24,80.6
2017-08-25,78.8
2017-08-26,71.6
2017-08-27,77
2017-08-28,78.8
2017-08-29,78.8
2017-08-30,77
2017-08-31,77
2017-09-01,75.2
2017-09-02,77
2017-09-03,75.2
2017-09-04,75.2
2017-09-05,78.8
2017-09-06,78.8
2017-09-07,78.8
2017-09-08,77
2017-09-09,77
2017-09-10,73.4
2017-09-11,75.2
2017-09-12,75.2
2017-09-13,75.2
2017-09-14,77
2017-09-15,80.6
2017-09-16,82.4
2017-09-17,73.4
2017-09-18,73.4
2017-09-19,71.6
2017-09-20,75.2
2017-09-21,77
2017-09-22,78.8
2017-09-23,78.8
2017-09-24,80.6
2017-09-25,80.6
2017-09-26,80.6
2017-09-27,77
2017-09-28,77
2017-09-29,73.4
2017-09-30,77
2017-10-01,77
2017-10-02,78.8
2017-10-03,78.8
2017-10-04,78.8
2017-10-05,78.8
2017-10-06,66.2
2017-10-07,77
2017-10-08,77
2017-10-09,77
2017-10-10,77
2017-10-11,78.8
2017-10-12,73.4
2017-10-13,75.2
2017-10-14,75.2
2017-10-15,77
2017-10-16,77
2017-10-17,77
2017-10-18,75.2
2017-10-19,73.4
2017-10-20,69.8
2017-10-21,68
2017-10-22,69.8
2017-10-23,71.6
2017-10-24,71.6
2017-10-25,71.6
2017-10-26,71.6
2017-10-27,69.8
2017-10-28,69.8
2017-10-29,66.2
2017-10-30,60.8
2017-10-31,64.4
2017-11-01,68
2017-11-02,68
2017-11-03,68
2017-11-04,68
2017-11-05,68
2017-11-06,69.8
2017-11-07,68
2017-11-08,68
2017-11-09,69.8
2017-11-10,69.8
2017-11-11,69.8
2017-11-12,69.8
2017-11-13,69.8
2017-11-14,69.8
2017-11-15,69.8
2017-11-16,69.8
2017-11-17,69.8
2017-11-18,71.6
2017-11-19,71.6
2017-11-20,69.8
2017-11-21,69.8
2017-11-22,68
2017-11-23,69.8
2017-11-24,68
2017-11-25,68
2017-11-26,66.2
2017-11-27,66.2
2017-11-28,64.4
2017-11-29,62.6
2017-11-30,64.4
2017-12-01,62.6
2017-12-02,62.6
2017-12-03,62.6
2017-12-04,62.6
2017-12-05,62.6
2017-12-06,64.4
2017-12-07,66.2
2017-12-08,66.2
2017-12-09,60.8
2017-12-10,62.6
2017-12-11,64.4
2017-12-12,64.4
2017-12-13,64.4
2017-12-14,64.4
2017-12-15,64.4
2017-12-16,64.4
2017-12-17,62.6
2017-12-18,64.4
2017-12-19,62.6
2017-12-20,62.6
2017-12-21,62.6
2017-12-22,62.6
2017-12-23,64.4
2017-12-24,64.4
2017-12-25,64.4
2017-12-26,64.4
2017-12-27,64.4
2017-12-28,62.6
2017-12-29,64.4
2017-12-30,64.4
2017-12-31,64.4
2018-01-01,64.4
2018-01-02,60.8
2018-01-03,60.8
2018-01-04,59
2018-01-05,60.8
2018-01-06,59
2018-01-07,57.2
2018-01-08,57.2
2018-01-09,59
2018-01-10,59
2018-01-11,59
2018-01-12,60.8
2018-01-13,60.8
2018-01-14,60.8
2018-01-15,60.8
2018-01-16,60.8
2018-01-17,62.6
2018-01-18,64.4
2018-01-19,64.4
2018-01-20,64.4
2018-01-21,64.4
2018-01-22,64.4
2018-01-23,64.4
2018-01-24,64.4
2018-01-25,60.8
2018-01-26,62.6
2018-01-27,57.2
2018-01-28,57.2
2018-01-29,57.2
2018-01-30,59
2018-01-31,60.8
2018-02-01,62.6
2018-02-02,64.4
2018-02-03,64.4
2018-02-04,64.4
2018-02-05,66.2
2018-02-06,66.2
2018-02-07,64.4
2018-02-08,64.4
2018-02-09,64.4
2018-02-10,64.4
2018-02-11,68
2018-02-12,69.8
2018-02-13,71.6
2018-02-14,68
2018-02-15,66.2
2018-02-16,68
2018-02-17,68
2018-02-18,68
2018-02-19,68
2018-02-20,69.8
2018-02-21,69.8
2018-02-22,69.8
2018-02-23,68
2018-02-24,69.8
2018-02-25,71.6
2018-02-26,66.2
2018-02-27,69.8
2018-02-28,73.4
2018-03-01,71.6
2018-03-02,71.6
2018-03-03,71.6
2018-03-04,71.6
2018-03-05,73.4
2018-03-06,73.4
2018-03-07,71.6
2018-03-08,75.2
2018-03-09,75.2
2018-03-10,73.4
2018-03-11,73.4
2018-03-12,71.6
2018-03-13,71.6
2018-03-14,73.4
2018-03-15,75.2
2018-03-16,69.8
2018-03-17,71.6
2018-03-18,71.6
2018-03-19,75.2
2018-03-20,75.2
2018-03-21,77
2018-03-22,77
2018-03-23,77
2018-03-24,77
2018-03-25,78.8
2018-03-26,78.8
2018-03-27,73.4
2018-03-28,77
2018-03-29,77
2018-03-30,77
2018-03-31,77
2018-04-01,77
2018-04-02,80.6
2018-04-03,78.8
2018-04-04,78.8
2018-04-05,77
2018-04-06,75.2
2018-04-07,75.2
2018-04-08,73.4
2018-04-09,75.2
2018-04-10,75.2
2018-04-11,77
2018-04-12,77
2018-04-13,75.2
2018-04-14,77
2018-04-15,78.8
2018-04-16,80.6
2018-04-17,77
2018-04-18,75.2
2018-04-19,75.2
2018-04-20,75.2
2018-04-21,78.8
2018-04-22,77
2018-04-23,78.8
2018-04-24,80.6
2018-04-25,80.6
2018-04-26,77
2018-04-27,77
2018-04-28,78.8
2018-04-29,71.6
2018-04-30,77
2018-05-01,77
2018-05-02,77
2018-05-03,77
2018-05-04,75.2
2018-05-05,71.6
2018-05-06,73.4
2018-05-07,75.2
2018-05-08,75.2
2018-05-09,78.8
2018-05-10,78.8
2018-05-11,78.8
2018-05-12,77
2018-05-13,75.2
2018-05-14,75.2
2018-05-15,75.2
2018-05-16,75.2
2018-05-17,77
2018-05-18,75.2
2018-05-19,77
2018-05-20,77
2018-05-21,77
2018-05-22,78.8
2018-05-23,78.8
2018-05-24,77
2018-05-25,77
2018-05-26,78.8
2018-05-27,80.6
2018-05-28,82.4
2018-05-29,80.6
2018-05-30,77
2018-05-31,77
2018-06-01,80.6
2018-06-02,82.4
2018-06-03,78.8
2018-06-04,78.8
2018-06-05,78.8
2018-06-06,80.6
2018-06-07,80.6
2018-06-08,82.4
2018-06-09,78.8
2018-06-10,71.6
2018-06-11,71.6
2018-06-12,71.6
2018-06-13,75.2
2018-06-14,75.2
2018-06-15,75.2
2018-06-16,77
2018-06-17,77
2018-06-18,80.6
2018-06-19,80.6
2018-06-20,82.4
2018-06-21,80.6
2018-06-22,78.8
2018-06-23,77
2018-06-24,77
2018-06-25,77
2018-06-26,77
2018-06-27,75.2
2018-06-28,77
2018-06-29,77
2018-06-30,75.2
2018-07-01,77
2018-07-02,75.2
2018-07-03,73.4
2018-07-04,71.6
2018-07-05,77
2018-07-06,78.8
2018-07-07,78.8
2018-07-08,78.8
2018-07-09,78.8
2018-07-10,77
2018-07-11,78.8
2018-07-12,77
2018-07-13,80.6
2018-07-14,80.6
2018-07-15,80.6
2018-07-16,78.8
2018-07-17,78.8
2018-07-18,80.6
2018-07-19,86
2018-07-20,80.6
2018-07-21,77
2018-07-22,77
2018-07-23,77
2018-07-24,75.2
2018-07-25,75.2
2018-07-26,77
2018-07-27,77
2018-07-28,77
2018-07-29,77
2018-07-30,75.2
2018-07-31,75.2
2018-08-01,75.2
2018-08-02,75.2
2018-08-03,77
2018-08-04,75.2
2018-08-05,77
2018-08-06,75.2
2018-08-07,78.8
2018-08-08,78.8
2018-08-09,75.2
2018-08-10,77
2018-08-11,77
2018-08-12,77
2018-08-13,77
2018-08-14,75.2
2018-08-15,77
2018-08-16,78.8
2018-08-17,82.4
2018-08-18,82.4
2018-08-19,77
2018-08-20,77
2018-08-21,77
2018-08-22,77
2018-08-23,75.2
2018-08-24,75.2
2018-08-25,77
2018-08-26,77
2018-08-27,77
2018-08-28,77
2018-08-29,77
2018-08-30,78.8
2018-08-31,78.8
2018-09-01,75.2
2018-09-02,75.2
2018-09-03,77
2018-09-04,78.8
2018-09-05,77
2018-09-06,75.2
2018-09-07,77
2018-09-08,77
2018-09-09,75.2
2018-09-10,75.2
2018-09-11,75.2
2018-09-12,75.2
2018-09-13,77
2018-09-14,78.8
2018-09-15,78.8
2018-09-16,80.6
2018-09-17,80.6
2018-09-18,80.6
2018-09-19,77
2018-09-20,75.2
2018-09-21,75.2
2018-09-22,78.8
2018-09-23,77
2018-09-24,77
2018-09-25,75.2
2018-09-26,77
2018-09-27,77
2018-09-28,78.8
2018-09-29,78.8
2018-09-30,78.8
2018-10-01,78.8
2018-10-02,75.2
2018-10-03,75.2
2018-10-04,75.2
2018-10-05,75.2
2018-10-06,75.2
2018-10-07,75.2
2018-10-08,73.4
2018-10-09,73.4
2018-10-10,69.8
2018-10-11,68
2018-10-12,68
2018-10-13,68
2018-10-14,69.8
2018-10-15,71.6
2018-10-16,71.6
2018-10-17,71.6
2018-10-18,71.6
2018-10-19,71.6
2018-10-20,73.4
2018-10-21,73.4
2018-10-22,73.4
2018-10-23,71.6
2018-10-24,71.6
2018-10-25,71.6
2018-10-26,71.6
2018-10-27,73.4
2018-10-28,64.4
2018-10-29,68
2018-10-30,66.2
2018-10-31,68
2018-11-01,68
2018-11-02,69.8
2018-11-03,68
2018-11-04,68
2018-11-05,69.8
2018-11-06,69.8
2018-11-07,68
2018-11-08,66.2
2018-11-09,66.2
2018-11-10,68
2018-11-11,68
2018-11-12,68
2018-11-13,68
2018-11-14,68
2018-11-15,66.2
2018-11-16,66.2
2018-11-17,66.2
2018-11-18,68
2018-11-19,66.2
2018-11-20,64.4
2018-11-21,66.2
2018-11-22,64.4
2018-11-23,64.4
2018-11-24,64.4
2018-11-25,62.6
2018-11-26,64.4
2018-11-27,66.2
2018-11-28,64.4
2018-11-29,64.4
2018-11-30,64.4
2018-12-01,64.4
2018-12-02,64.4
2018-12-03,64.4
2018-12-04,64.4
2018-12-05,64.4
2018-12-06,64.4
2018-12-07,64.4
2018-12-08,64.4
2018-12-09,62.6
2018-12-10,62.6
2018-12-11,64.4
2018-12-12,64.4
2018-12-13,66.2
2018-12-14,66.2
2018-12-15,66.2
2018-12-16,62.6
2018-12-17,64.4
2018-12-18,59
2018-12-19,62.6
2018-12-20,62.6
2018-12-21,64.4
2018-12-22,62.6
2018-12-23,60.8
2018-12-24,62.6
2018-12-25,59
2018-12-26,60.8
2018-12-27,60.8
2018-12-28,59
2018-12-29,59
2018-12-30,59
2018-12-31,60.8
2019-01-01,62.6
2019-01-02,62.6
2019-01-03,62.6
2019-01-04,62.6
2019-01-05,62.6
2019-01-06,64.4
2019-01-07,68
2019-01-08,66.2
2019-01-09,62.6
2019-01-10,62.6
2019-01-11,64.4
2019-01-12,66.2
2019-01-13,68
2019-01-14,66.2
2019-01-15,64.4
2019-01-16,66.2
2019-01-17,66.2
2019-01-18,66.2
2019-01-19,66.2
2019-01-20,64.4
2019-01-21,66.2
2019-01-22,68
2019-01-23,69.8
2019-01-24,68
2019-01-25,69.8
2019-01-26,71.6
2019-01-27,69.8
2019-01-28,68
2019-01-29,62.6
2019-01-30,64.4
2019-01-31,68
2019-02-01,69.8
2019-02-02,69.8
2019-02-03,69.8
2019-02-04,68
2019-02-05,69.8
2019-02-06,69.8
2019-02-07,73.4
2019-02-08,71.6
2019-02-09,62.6
2019-02-10,66.2
2019-02-11,69.8
2019-02-12,73.4
2019-02-13,73.4
2019-02-14,71.6
2019-02-15,71.6
2019-02-16,71.6
2019-02-17,60.8
2019-02-18,62.6
2019-02-19,64.4
2019-02-20,68
2019-02-21,69.8
2019-02-22,68
2019-02-23,71.6
2019-02-24,69.8
2019-02-25,66.2
2019-02-26,68
2019-02-27,64.4
2019-02-28,59
2019-03-01,62.6
2019-03-02,69.8
2019-03-03,68
2019-03-04,68
2019-03-05,60.8
2019-03-06,68
2019-03-07,68
2019-03-08,68
2019-03-09,66.2
2019-03-10,68
2019-03-11,71.6
2019-03-12,71.6
2019-03-13,75.2
2019-03-14,77
2019-03-15,78.8
2019-03-16,77
2019-03-17,77
2019-03-18,75.2
2019-03-19,69.8
2019-03-20,71.6
2019-03-21,73.4
2019-03-22,75.2
2019-03-23,75.2
2019-03-24,75.2
2019-03-25,78.8
2019-03-26,80.6
2019-03-27,75.2
2019-03-28,75.2
2019-03-29,78.8
2019-03-30,80.6
2019-03-31,78.8
2019-04-01,75.2
2019-04-02,78.8
2019-04-03,73.4
2019-04-04,77
2019-04-05,77
2019-04-06,78.8
2019-04-07,73.4
2019-04-08,73.4
2019-04-09,77
2019-04-10,75.2
2019-04-11,78.8
2019-04-12,80.6
2019-04-13,82.4
2019-04-14,82.4
2019-04-15,82.4
2019-04-16,84.2
2019-04-17,82.4
2019-04-18,80.6
2019-04-19,80.6
2019-04-20,82.4
2019-04-21,80.6
2019-04-22,82.4
2019-04-23,84.2
2019-04-24,84.2
2019-04-25,86
2019-04-26,86
2019-04-27,84.2
2019-04-28,84.2
2019-04-29,82.4
2019-04-30,82.4
2019-05-01,82.4
2019-05-02,82.4
2019-05-03,78.8
2019-05-04,78.8
2019-05-05,78.8
2019-05-06,80.6
2019-05-07,82.4
2019-05-08,84.2
2019-05-09,84.2
2019-05-10,84.2
2019-05-11,86
2019-05-12,86
2019-05-13,86
2019-05-14,84.2
2019-05-15,84.2
2019-05-16,82.4
2019-05-17,82.4
2019-05-18,82.4
2019-05-19,86
2019-05-20,87.8
2019-05-21,86
2019-05-22,86
2019-05-23,80.6
2019-05-24,77
2019-05-25,75.2
2019-05-26,80.6
2019-05-27,82.4
2019-05-28,84.2
2019-05-29,84.2
2019-05-30,86
2019-05-31,84.2
2019-06-01,80.6
2019-06-02,77
2019-06-03,80.6
2019-06-04,77
2019-06-05,78.8
2019-06-06,82.4
2019-06-07,78.8
2019-06-08,82.4
2019-06-09,82.4
2019-06-10,80.6
2019-06-11,86
2019-06-12,86
2019-06-13,82.4
2019-06-14,75.2
2019-06-15,77
2019-06-16,82.4
2019-06-17,78.8
2019-06-18,82.4
2019-06-19,78.8
2019-06-20,78.8
2019-06-21,78.8
2019-06-22,82.4
2019-06-23,82.4
2019-06-24,82.4
2019-06-25,78.8
2019-06-26,77
2019-06-27,77
2019-06-28,71.6
2019-06-29,80.6
2019-06-30,77
2019-07-01,78.8
2019-07-02,77
2019-07-03,78.8
2019-07-04,80.6
2019-07-05,80.6
2019-07-06,75.2
2019-07-07,75.2
2019-07-08,77
2019-07-09,73.4
2019-07-10,73.4
2019-07-11,73.4
2019-07-12,73.4
2019-07-13,75.2
2019-07-14,73.4
2019-07-15,75.2
2019-07-16,80.6
2019-07-17,82.4
2019-07-18,84.2
2019-07-19,82.4
2019-07-20,80.6
2019-07-21,78.8
2019-07-22,77
2019-07-23,73.4
2019-07-24,75.2
2019-07-25,73.4
2019-07-26,73.4
2019-07-27,75.2
2019-07-28,78.8
2019-07-29,78.8
2019-07-30,75.2
2019-07-31,73.4
2019-08-01,75.2
2019-08-02,78.8
2019-08-03,78.8
2019-08-04,78.8
2019-08-05,82.4
2019-08-06,78.8
2019-08-07,78.8
2019-08-08,78.8
2019-08-09,78.8
2019-08-10,78.8
2019-08-11,82.4
2019-08-12,80.6
2019-08-13,75.2
2019-08-14,75.2
2019-08-15,73.4
2019-08-16,75.2
2019-08-17,78.8
2019-08-18,77
2019-08-19,78.8
2019-08-20,78.8
2019-08-21,82.4
2019-08-22,82.4
2019-08-23,77
2019-08-24,73.4
2019-08-25,80.6
2019-08-26,82.4
2019-08-27,82.4
2019-08-28,77
2019-08-29,80.6
2019-08-30,82.4
2019-08-31,77
2019-09-01,82.4
2019-09-02,78.8
2019-09-03,78.8
2019-09-04,78.8
2019-09-05,78.8
2019-09-06,78.8
2019-09-07,77
2019-09-08,77
2019-09-09,77
2019-09-10,78.8
2019-09-11,73.4
2019-09-12,71.6
2019-09-13,73.4
2019-09-14,77
2019-09-15,78.8
2019-09-16,73.4
2019-09-17,69.8
2019-09-18,78.8
2019-09-19,78.8
2019-09-20,80.6
2019-09-21,75.2
2019-09-22,71.6
2019-09-23,69.8
2019-09-24,68
2019-09-25,68
2019-09-26,73.4
2019-09-27,75.2
2019-09-28,75.2
2019-09-29,73.4
2019-09-30,69.8
2019-10-01,73.4
2019-10-02,75.2
2019-10-03,75.2
2019-10-04,77
2019-10-05,77
2019-10-06,77
2019-10-07,75.2
2019-10-08,69.8
2019-10-09,73.4
2019-10-10,73.4
2019-10-11,73.4
2019-10-12,75.2
2019-10-13,75.2
2019-10-14,77
2019-10-15,75.2
2019-10-16,73.4
2019-10-17,73.4
2019-10-18,75.2
2019-10-19,75.2
2019-10-20,75.2
2019-10-21,75.2
2019-10-22,73.4
2019-10-23,73.4
2019-10-24,73.4
2019-10-25,71.6
2019-10-26,64.4
2019-10-27,68
2019-10-28,73.4
2019-10-29,73.4
2019-10-30,73.4
2019-10-31,73.4
2019-11-01,71.6
2019-11-02,73.4
2019-11-03,73.4
2019-11-04,73.4
2019-11-05,71.6
2019-11-06,69.8
2019-11-07,69.8
2019-11-08,68
2019-11-09,66.2
2019-11-10,68
2019-11-11,69.8
2019-11-12,71.6
2019-11-13,71.6
2019-11-14,73.4
2019-11-15,73.4
2019-11-16,71.6
2019-11-17,69.8
2019-11-18,68
2019-11-19,68
2019-11-20,68
2019-11-21,68
2019-11-22,68
2019-11-23,66.2
2019-11-24,66.2
2019-11-25,66.2
2019-11-26,69.8
2019-11-27,69.8
2019-11-28,69.8
2019-11-29,69.8
2019-11-30,68
2019-12-01,66.2
2019-12-02,64.4
2019-12-03,66.2
2019-12-04,66.2
2019-12-05,66.2
2019-12-06,64.4
2019-12-07,64.4
2019-12-08,62.6
2019-12-09,62.6
2019-12-10,60.8
2019-12-11,60.8
2019-12-12,60.8
2019-12-13,62.6
2019-12-14,64.4
2019-12-15,64.4
2019-12-16,64.4
2019-12-17,64.4
2019-12-18,62.6
2019-12-19,60.8
2019-12-20,60.8
2019-12-21,64.4
2019-12-22,64.4
2019-12-23,62.6
2019-12-24,60.8
2019-12-25,62.6
2019-12-26,60.8
2019-12-27,59
2019-12-28,59
2019-12-29,60.8
2019-12-30,60.8
2019-12-31,62.6
2020-01-01,57.2
2020-01-02,62.6
2020-01-03,60.8
2020-01-04,60.8
2020-01-05,59
2020-01-06,57.2
2020-01-07,59
2020-01-08,60.8
2020-01-09,62.6
2020-01-10,60.8
2020-01-11,60.8
2020-01-12,60.8
2020-01-13,62.6
2020-01-14,62.6
2020-01-15,64.4
2020-01-16,64.4
2020-01-17,66.2
2020-01-18,66.2
2020-01-19,64.4
2020-01-20,60.8
2020-01-21,62.6
2020-01-22,62.6
2020-01-23,59
2020-01-24,57.2
2020-01-25,60.8
2020-01-26,59
2020-01-27,57.2
2020-01-28,59
2020-01-29,60.8
2020-01-30,60.8
2020-01-31,60.8
2020-02-01,62.6
2020-02-02,59
2020-02-03,60.8
2020-02-04,62.6
2020-02-05,60.8
2020-02-06,62.6
2020-02-07,62.6
2020-02-08,64.4
2020-02-09,62.6
2020-02-10,62.6
2020-02-11,66.2
2020-02-12,68
2020-02-13,66.2
2020-02-14,64.4
2020-02-15,64.4
2020-02-16,68
2020-02-17,69.8
2020-02-18,69.8
2020-02-19,69.8
2020-02-20,68
2020-02-21,73.4
2020-02-22,73.4
2020-02-23,71.6
2020-02-24,71.6
2020-02-25,69.8
2020-02-26,68
2020-02-27,66.2
2020-02-28,71.6
2020-02-29,71.6
2020-03-01,73.4
2020-03-02,73.4
2020-03-03,69.8
2020-03-04,69.8
2020-03-05,69.8
2020-03-06,71.6
2020-03-07,69.8
2020-03-08,69.8
2020-03-09,71.6
2020-03-10,73.4
2020-03-11,73.4
2020-03-12,75.2
2020-03-13,78.8
2020-03-14,80.6
2020-03-15,78.8
2020-03-16,75.2
2020-03-17,75.2
2020-03-18,75.2
2020-03-19,75.2
2020-03-20,73.4
2020-03-21,75.2
2020-03-22,73.4
2020-03-23,75.2
2020-03-24,75.2
2020-03-25,78.8
2020-03-26,78.8
2020-03-27,80.6
2020-03-28,80.6
2020-03-29,80.6
2020-03-30,80.6
2020-03-31,80.6
2020-04-01,82.4
2020-04-02,82.4
2020-04-03,78.8
2020-04-04,78.8
2020-04-05,80.6
2020-04-06,80.6
2020-04-07,82.4
2020-04-08,82.4
2020-04-09,82.4
2020-04-10,82.4
2020-04-11,84.2
2020-04-12,84.2
2020-04-13,82.4
2020-04-14,86
2020-04-15,84.2
2020-04-16,80.6
2020-04-17,80.6
2020-04-18,80.6
2020-04-19,80.6
2020-04-20,84.2
2020-04-21,78.8
2020-04-22,75.2
2020-04-23,77
2020-04-24,75.2
2020-04-25,71.6
2020-04-26,73.4
2020-04-27,71.6
2020-04-28,73.4
2020-04-29,71.6
2020-04-30,75.2
2020-05-01,77
2020-05-02,78.8
2020-05-03,80.6
2020-05-04,78.8
2020-05-05,78.8
2020-05-06,78.8
2020-05-07,80.6
2020-05-08,82.4
2020-05-09,80.6
2020-05-10,84.2
2020-05-11,86
2020-05-12,82.4
2020-05-13,82.4
2020-05-14,80.6
2020-05-15,78.8
2020-05-16,84.2
2020-05-17,84.2
2020-05-18,87.8
2020-05-19,82.4
2020-05-20,75.2
2020-05-21,77
2020-05-22,78.8
2020-05-23,80.6
2020-05-24,80.6
2020-05-25,78.8
2020-05-26,80.6
2020-05-27,73.4
2020-05-28,66.2
2020-05-29,77
2020-05-30,71.6
2020-05-31,71.6
2020-06-01,69.8
2020-06-02,77
2020-06-03,78.8
2020-06-04,75.2
2020-06-05,77
2020-06-06,77
2020-06-07,78.8
2020-06-08,82.4
2020-06-09,84.2
2020-06-10,78.8
2020-06-11,75.2
2020-06-12,78.8
2020-06-13,77
2020-06-14,77
2020-06-15,78.8
2020-06-16,78.8
2020-06-17,75.2
2020-06-18,73.4
2020-06-19,78.8
2020-06-20,77
2020-06-21,77
2020-06-22,80.6
2020-06-23,78.8
2020-06-24,77
2020-06-25,78.8
2020-06-26,73.4
2020-06-27,71.6
2020-06-28,77
2020-06-29,78.8
2020-06-30,80.6
2020-07-01,78.8
2020-07-02,78.8
2020-07-03,78.8
2020-07-04,75.2
2020-07-05,75.2
2020-07-06,78.8
2020-07-07,77
2020-07-08,78.8
2020-07-09,73.4
2020-07-10,75.2
2020-07-11,73.4
2020-07-12,73.4
2020-07-13,73.4
2020-07-14,73.4
2020-07-15,78.8
2020-07-16,78.8
2020-07-17,78.8
2020-07-18,77
2020-07-19,73.4
2020-07-20,73.4
2020-07-21,73.4
2020-07-22,71.6
2020-07-23,75.2
2020-07-24,75.2
2020-07-25,78.8
2020-07-26,80.6
2020-07-27,75.2
2020-07-28,75.2
2020-07-29,77
2020-07-30,75.2
2020-07-31,78.8
2020-08-01,80.6
2020-08-02,82.4
2020-08-03,84.2
2020-08-04,78.8
2020-08-05,75.2
2020-08-06,80.6
2020-08-07,80.6
2020-08-08,78.8
2020-08-09,75.2
2020-08-10,73.4
2020-08-11,75.2
2020-08-12,78.8
2020-08-13,78.8
2020-08-14,78.8
2020-08-15,75.2
2020-08-16,75.2
2020-08-17,75.2
2020-08-18,73.4
2020-08-19,71.6
2020-08-20,71.6
2020-08-21,75.2
2020-08-22,78.8
2020-08-23,78.8
2020-08-24,78.8
2020-08-25,77
2020-08-26,78.8
2020-08-27,78.8
2020-08-28,78.8
2020-08-29,77
2020-08-30,78.8
2020-08-31,77
2020-09-01,73.4
2020-09-02,78.8
2020-09-03,80.6
2020-09-04,80.6
2020-09-05,78.8
2020-09-06,77
2020-09-07,71.6
2020-09-08,77
2020-09-09,77
2020-09-10,78.8
2020-09-11,77
2020-09-12,77
2020-09-13,73.4
2020-09-14,73.4
2020-09-15,73.4
2020-09-16,71.6
2020-09-17,77
2020-09-18,77
2020-09-19,78.8
2020-09-20,78.8
2020-09-21,75.2
2020-09-22,77
2020-09-23,75.2
2020-09-24,73.4
2020-09-25,75.2
2020-09-26,73.4
2020-09-27,75.2
2020-09-28,77
2020-09-29,78.8
2020-09-30,78.8
2020-10-01,78.8
2020-10-02,77
2020-10-03,77
2020-10-04,77
2020-10-05,75.2
2020-10-06,69.8
2020-10-07,69.8
2020-10-08,78.8
2020-10-09,77
2020-10-10,77
2020-10-11,73.4
2020-10-12,75.2
2020-10-13,78.8
2020-10-14,78.8
2020-10-15,78.8
2020-10-16,78.8
2020-10-17,77
2020-10-18,77
2020-10-19,75.2
2020-10-20,73.4
2020-10-21,71.6
2020-10-22,68
2020-10-23,69.8
2020-10-24,66.2
2020-10-25,73.4
2020-10-26,73.4
2020-10-27,75.2
2020-10-28,75.2
2020-10-29,77
2020-10-30,75.2
2020-10-31,71.6
2020-11-01,71.6
2020-11-02,71.6
2020-11-03,71.6
2020-11-04,73.4
2020-11-05,71.6
2020-11-06,69.8
2020-11-07,71.6
2020-11-08,71.6
2020-11-09,71.6
2020-11-10,69.8
2020-11-11,71.6
2020-11-12,71.6
2020-11-13,71.6
2020-11-14,71.6
2020-11-15,73.4
2020-11-16,73.4
2020-11-17,68
2020-11-18,66.2
2020-11-19,66.2
2020-11-20,66.2
2020-11-21,64.4
2020-11-22,64.4
2020-11-23,64.4
2020-11-24,66.2
2020-11-25,68
2020-11-26,66.2
2020-11-27,66.2
2020-11-28,68
2020-11-29,69.8
2020-11-30,66.2
2020-12-01,66.2
2020-12-02,66.2
2020-12-03,64.4
2020-12-04,64.4
2020-12-05,62.6
2020-12-06,62.6
2020-12-07,62.6
2020-12-08,62.6
2020-12-09,64.4
2020-12-10,64.4
2020-12-11,64.4
2020-12-12,64.4
2020-12-13,64.4
2020-12-14,64.4
2020-12-15,64.4
2020-12-16,64.4
2020-12-17,62.6
2020-12-18,62.6
2020-12-19,62.6
2020-12-20,60.8
2020-12-21,62.6
2020-12-22,62.6
2020-12-23,62.6
2020-12-24,64.4
2020-12-25,64.4
2020-12-26,64.4
2020-12-27,64.4
2020-12-28,64.4
2020-12-29,64.4
2020-12-30,64.4
2020-12-31,66.2
